BayerF,Common,Parallax,Distance,Umag,Vmag,Bmag,Temp,RA_decimal,Dec_decimal,Diameter_U,Diameter_V,Diameter_B
θ¹ Orionis,,0.001,1000.0,7.709999999999999,7.96,8.2,30000.0,5.587805555555556,-4.6147222222222215,0.03,0.04,0.03
,,,,8.959999999999999,7.83,8.61,4850.0,1.2700277777777778,71.74388888888889,0.46,0.37,0.36
,,0.021,47.61904761904761,8.290000000000001,7.81,8.33,6450.0,8.444472222222222,24.53527777777778,0.23,0.19,0.18
,,,,,7.71,13.45,3600.0,4.9934722222222225,-13.194166666666666,,1.03,0.12
,,,,11.74,7.68,9.89,3050.0,7.122611111111111,22.703611111111112,1.43,2.03,1.43
,,,,7.61,7.62,7.61,9750.0,14.475416666666666,28.289166666666667,0.11,0.1,0.1
,,,,,7.48,,4700.0,17.280166666666666,49.691111111111105,,0.48,
,,-0.006,-166.66666666666666,,7.4,,2600.0,13.815888888888889,39.54277777777778,,4.91,
,,,,,7.4,,7200.0,23.58686111111111,-63.31055555555556,,0.19,
,,,,10.61,7.39,9.36,2600.0,0.40055555555555555,38.577222222222225,7.38,4.93,4.59
,,,,9.419999999999998,7.39,8.469999999999999,5000.0,15.192194444444445,-44.720555555555556,0.33,0.42,0.34
,,0.002,500.0,9.15,7.33,8.82,2450.0,21.15888888888889,68.49027777777778,23.03,6.94,8.64
,,0.003,333.3333333333333,,7.31,,9250.0,21.067944444444443,-4.176666666666667,,0.13,
,,,,7.76,7.31,7.75,7200.0,0.07519444444444444,-71.10222222222221,0.21,0.19,0.18
,,,,,7.3,,6750.0,18.903972222222222,41.22555555555556,,0.22,
,,0.01,100.0,,7.26,,12000.0,7.589388888888888,-73.72444444444444,,0.09,
,,,,7.7,7.25,7.74,6600.0,1.097611111111111,4.9094444444444445,0.28,0.24,0.22
,,0.005,200.0,7.39,7.25,7.33,9500.0,8.43838888888889,-38.93972222222222,0.13,0.13,0.12
,,0.052,19.23076923076923,8.23,7.25,7.96,5500.0,8.597583333333334,6.6225000000000005,0.4,0.35,0.32
,,,,,7.24,,5500.0,5.106111111111111,54.405833333333334,,0.35,
,,0.01,100.0,6.9,7.16,7.140000000000001,12000.0,7.589361111111111,-73.72444444444444,0.11,0.1,0.09
,,,,9.72,7.16,8.42,4850.0,18.866083333333336,-82.68361111111112,0.33,0.51,0.39
,,-0.013,-76.92307692307692,9.459999999999999,7.14,8.459999999999999,7200.0,19.610472222222224,20.33277777777778,0.1,0.21,0.13
,,,,6.38,7.13,6.9799999999999995,22000.0,7.480972222222222,-30.153055555555557,0.06,0.06,0.06
,,0.021,47.61904761904761,9.09,7.13,8.69,2450.0,8.276083333333334,11.72638888888889,23.68,7.61,9.17
,,0.008,125.0,7.48,7.13,7.49,7050.0,12.344805555555556,27.054722222222225,0.26,0.22,0.21
,,,,7.06,7.12,7.09,9750.0,14.475916666666667,28.290833333333335,0.14,0.13,0.13
,,,,6.750000000000001,7.11,7.140000000000001,14000.0,20.52027777777778,11.260555555555555,0.09,0.09,0.08
,,,,,7.1,7.42,7500.0,22.05477777777778,-28.095833333333335,,0.2,0.19
,,0.011,90.90909090909092,,7.1,,6750.0,0.8314444444444444,27.710277777777776,,0.24,
,,,,9.450000000000001,7.1,8.9,2450.0,0.03536111111111111,-13.32388888888889,20.06,7.72,8.33
,,0.018,55.55555555555556,7.609999999999999,7.09,7.59,6900.0,2.616027777777778,24.648333333333333,0.26,0.23,0.21
,,0.014,71.42857142857143,9.799999999999999,7.08,8.52,2900.0,12.641666666666666,6.988333333333333,4.88,3.35,3.54
,,,,6.48,7.07,6.99,20000.0,10.530833333333334,-80.07888888888888,0.07,0.07,0.06
,,,,7.66,7.05,7.41,8250.0,16.142833333333332,-38.89472222222222,0.16,0.17,0.15
,,,,,7.05,7.39,7200.0,21.304361111111113,-16.53777777777778,,0.22,0.21
,,,,,7.04,7.87,5800.0,6.313,-49.64083333333333,,0.34,0.29
,,,,6.04,7.04,6.86,26000.0,6.835,-26.666111111111114,0.06,0.06,0.05
,,,,7.42,7.04,7.43,7500.0,13.452972222222222,64.71944444444445,0.22,0.2,0.19
,,0.012,83.33333333333333,8.9,7.04,8.1,5200.0,17.984861111111112,-29.746666666666666,0.36,0.45,0.36
,,0.009,111.11111111111111,7.46,7.04,7.34,9250.0,18.09536111111111,12.00388888888889,0.13,0.15,0.13
,,,,,7.03,,12000.0,5.009055555555555,3.615277777777778,,0.11,
,,0.003,333.3333333333333,7.06,7.03,7.04,9750.0,11.919777777777778,46.469722222222224,0.14,0.14,0.14
,,,,,7.03,7.12,9500.0,15.4185,-37.830555555555556,,0.14,0.14
,,0.021,47.61904761904761,7.41,7.02,7.34,7500.0,8.44438888888889,24.534166666666668,0.22,0.21,0.19
,,,,,7.01,8.23,4700.0,4.060222222222222,-19.84166666666667,,0.6,0.47
ζ¹ Antliae,,0.001,1000.0,7.18,7.0,7.09,9500.0,9.512611111111111,-30.108611111111113,0.14,0.14,0.14
,,,,7.31,7.0,7.27,9250.0,15.552527777777778,-23.510555555555555,0.14,0.15,0.13
,,0.011,90.90909090909092,7.42,7.0,7.36,6900.0,0.8313333333333334,27.710833333333333,0.28,0.24,0.23
,,0.004,250.0,,7.0,,16000.0,3.0907500000000003,25.255277777777778,,0.08,
,,,,6.91,6.99,7.41,30000.0,4.130861111111111,62.330000000000005,0.04,0.06,0.04
,,0.016,62.5,7.380000000000001,6.99,7.3500000000000005,7050.0,12.302527777777778,-2.0455555555555556,0.27,0.23,0.22
,,,,,6.98,8.450000000000001,4400.0,5.229583333333333,-34.17444444444444,,0.73,0.54
,,0.011,90.90909090909092,7.48,6.98,7.5,6600.0,21.97019444444444,82.86972222222222,0.31,0.27,0.24
,,0.003,333.3333333333333,7.34,6.97,7.1899999999999995,7500.0,7.413111111111111,-36.71,0.23,0.21,0.21
,,,,15.79,6.95,9.98,4000.0,5.760944444444444,20.695,0.05,1.01,0.39
,,,,9.88,6.95,8.58,2600.0,6.096027777777778,-23.804444444444446,10.33,6.04,6.58
,,,,7.85,6.93,7.63,5500.0,4.2571666666666665,6.199722222222222,0.48,0.41,0.38
,,,,8.44,6.93,7.84,6750.0,14.542472222222223,-55.11222222222222,0.19,0.26,0.2
,,0.001,1000.0,7.18,6.93,7.06,9250.0,16.676416666666668,4.207222222222223,0.15,0.15,0.15
,,,,7.3500000000000005,6.92,7.37,6900.0,6.260833333333333,36.14861111111111,0.29,0.25,0.23
,,,,6.35,6.92,6.8,16000.0,20.201055555555556,47.73694444444445,0.09,0.08,0.08
,,,,5.74,6.91,6.63,15882.0,6.903611111111111,-22.071666666666665,0.12,0.08,0.09
,,0.004,250.0,,6.91,,8250.0,8.924861111111111,-6.029722222222222,,0.18,
,,0.007,142.85714285714286,,6.9,7.25,7200.0,0.8644722222222222,-42.29083333333333,,0.23,0.22
,,,,9.830000000000002,6.9,8.46,2900.0,2.798888888888889,-11.539444444444445,4.82,3.64,3.64
,,,,,6.9,11.09,4000.0,19.07338888888889,-4.3149999999999995,,1.03,0.23
,,,,6.789999999999999,6.89,6.859999999999999,9750.0,7.240722222222223,24.710833333333333,0.16,0.14,0.15
,,,,8.68,6.89,7.91,5400.0,7.7186111111111115,-37.13583333333333,0.35,0.44,0.35
,,,,,6.89,,8000.0,7.7579722222222225,-13.313888888888888,,0.2,
,,,,,6.89,,2900.0,21.87172222222222,21.273055555555555,,3.66,
,,,,7.409999999999999,6.89,7.35,7200.0,23.789805555555557,-67.60583333333332,0.25,0.24,0.21
,,,,6.359999999999999,6.88,6.8,16000.0,11.181861111111111,-57.54472222222222,0.09,0.09,0.08
,,,,,6.86,6.82,12000.0,3.843777777777778,-35.57472222222223,,0.11,0.11
,,,,,6.86,6.86,10000.0,4.7637777777777774,-33.995,,0.14,0.14
,,,,8.81,6.86,7.92,5100.0,14.315472222222223,38.7675,0.41,0.51,0.41
,,0.016,62.5,7.28,6.86,7.29,7500.0,14.38961111111111,8.445,0.24,0.22,0.2
,,,,7.08,6.85,6.96,9750.0,0.6446666666666666,-72.86277777777777,0.14,0.15,0.14
,,,,,6.85,8.209999999999999,4700.0,2.754583333333333,-45.71277777777778,,0.64,0.48
δ Orionis,Mintaka,0.014,71.42857142857143,5.9799999999999995,6.85,6.6899999999999995,26000.0,5.533472222222222,0.28444444444444444,0.07,0.06,0.06
,,0.005,200.0,,6.84,,9500.0,1.0009444444444444,44.711111111111116,,0.15,
,,,,7.390000000000001,6.84,7.28,6750.0,1.6467222222222222,-52.56111111111112,0.3,0.27,0.26
,,0.003,333.3333333333333,7.26,6.84,7.109999999999999,7500.0,7.41313888888889,-36.70916666666667,0.24,0.22,0.22
,,,,7.29,6.84,7.04,8250.0,13.587250000000001,44.19694444444444,0.19,0.19,0.18
,,0.02,50.0,6.499999999999999,6.84,7.1499999999999995,30000.0,18.31202777777778,-17.380555555555556,0.05,0.06,0.04
,,,,,6.83,,5000.0,3.8601666666666667,22.031666666666666,,0.55,
,,,,6.59,6.83,6.76,12000.0,8.531833333333335,9.814444444444446,0.12,0.12,0.11
,,,,6.41,6.83,6.75,14000.0,23.921277777777778,-30.115833333333335,0.1,0.1,0.09
,,0.008,125.0,7.35,6.82,7.21,6900.0,4.726277777777778,-7.206388888888889,0.29,0.26,0.25
,,,,,6.82,7.86,4850.0,5.394166666666667,-36.663333333333334,,0.6,0.5
,,0.01,100.0,,6.82,,8000.0,6.193472222222223,48.713055555555556,,0.2,
,,,,6.78,6.82,6.82,12000.0,9.345611111111111,-30.239444444444445,0.11,0.12,0.11
,,,,,6.82,7.12,7200.0,9.73772222222222,-38.428888888888885,,0.24,0.24
,,-0.01,-100.0,7.66,6.82,7.46,7200.0,19.746861111111112,29.264722222222222,0.22,0.24,0.2
,,,,,6.8,,7350.0,13.469916666666666,50.58722222222222,,0.24,
ο Ophiuchi,,0.013,76.92307692307692,7.359999999999999,6.8,7.31,6600.0,17.30013888888889,-23.715833333333332,0.33,0.29,0.27
,,,,13.93,6.8,9.89,4000.0,18.83888888888889,-6.092499999999999,0.11,1.08,0.4
,,,,,6.8,7.72,5200.0,23.22083333333333,-48.38111111111111,,0.5,0.43
,,0.004,250.0,6.4,6.8,6.78,16000.0,3.0907500000000003,25.255277777777778,0.09,0.09,0.08
,,,,6.51,6.79,6.88,20000.0,4.49525,10.521666666666668,0.07,0.08,0.06
,,0.052,19.23076923076923,7.95,6.79,7.59,5000.0,7.066333333333334,-42.388333333333335,0.65,0.56,0.51
,,,,8.459999999999999,6.79,7.76,4850.0,11.972305555555556,-39.052777777777784,0.58,0.6,0.53
,,,,6.330000000000001,6.78,6.720000000000001,14000.0,1.9656666666666667,41.69444444444444,0.11,0.1,0.09
,,,,5.86,6.78,6.6000000000000005,26000.0,7.940083333333334,-39.26361111111111,0.07,0.06,0.06
,,,,7.31,6.77,7.2299999999999995,7050.0,0.2802777777777778,-77.21944444444445,0.28,0.26,0.24
,,,,7.11,6.77,6.96,7750.0,2.4987222222222223,-21.31722222222222,0.24,0.22,0.22
,,,,,6.77,6.71,12000.0,2.559333333333333,-61.41305555555555,,0.12,0.12
,,,,,6.77,6.81,9750.0,11.11075,-27.272222222222222,,0.15,0.15
,,,,8.27,6.77,7.6899999999999995,5000.0,17.676722222222224,57.31027777777778,0.56,0.56,0.49
,,,,6.38,6.77,6.6899999999999995,12000.0,21.237972222222222,-9.394722222222223,0.13,0.12,0.12
,,,,7.06,6.76,6.96,8250.0,4.380805555555555,-81.10083333333333,0.21,0.2,0.19
,,,,6.64,6.76,6.75,10000.0,7.4343055555555555,-3.4625,0.17,0.15,0.15
,,,,,6.76,7.89,4700.0,7.56625,-38.094166666666666,,0.67,0.55
,,,,5.96,6.76,6.6,24000.0,7.6787222222222224,-26.054166666666667,0.07,0.07,0.06
,,,,,6.76,,9000.0,9.552000000000001,49.43861111111111,,0.17,
,,,,7.109999999999999,6.76,7.109999999999999,7200.0,9.589555555555556,39.96333333333334,0.29,0.25,0.24
,,,,,6.76,,5000.0,11.972388888888888,61.46472222222223,,0.56,
,,,,6.82,6.76,6.92,12000.0,18.046194444444446,-4.64138888888889,0.11,0.12,0.1
,,,,6.54,6.76,6.7,12000.0,22.394805555555553,78.24333333333334,0.12,0.12,0.12
,,,,7.07,6.75,6.92,9250.0,3.5735277777777776,-64.23555555555555,0.16,0.17,0.16
,,,,,6.75,7.8100000000000005,5200.0,5.485194444444445,-29.883333333333333,,0.51,0.41
,,,,10.0,6.75,8.2,4400.0,5.584,-57.12888888888889,0.44,0.81,0.61
,,,,7.3,6.75,7.1,7500.0,6.293111111111111,-9.274722222222222,0.24,0.23,0.22
,,,,7.31,6.75,7.1,9250.0,12.836666666666668,-59.59916666666667,0.14,0.17,0.14
,,,,7.1000000000000005,6.75,6.95,9750.0,18.826527777777777,-18.857777777777777,0.14,0.15,0.14
,,,,6.57,6.75,7.0,26000.0,18.988194444444446,10.140833333333333,0.05,0.07,0.05
,,0.044,22.72727272727273,7.590000000000001,6.75,7.4,5600.0,19.201277777777776,49.85416666666667,0.51,0.43,0.4
,,,,6.25,6.74,6.66,16000.0,0.17491666666666666,57.16555555555556,0.09,0.09,0.08
,,,,6.59,6.74,6.74,12000.0,3.0148333333333333,52.352222222222224,0.12,0.12,0.11
,,,,,6.74,6.71,14000.0,9.052444444444445,-24.495555555555555,,0.1,0.1
,,,,7.1000000000000005,6.74,7.0600000000000005,6900.0,15.601138888888888,52.069722222222225,0.33,0.27,0.27
,,,,5.82,6.74,6.69,30000.0,18.050472222222222,-21.28166666666667,0.06,0.06,0.05
,,,,6.55,6.74,6.76,12000.0,18.41911111111111,5.084722222222222,0.12,0.12,0.11
,,0.025,40.0,7.5200000000000005,6.74,7.37,5900.0,19.15122222222222,34.60055555555556,0.44,0.38,0.35
ο Capricorni,,,,7.0,6.74,6.96,8250.0,20.49791666666667,-17.413333333333334,0.21,0.2,0.19
,,,,6.090000000000001,6.74,6.720000000000001,26000.0,23.056583333333332,60.445277777777775,0.06,0.07,0.06
,,,,5.9,6.73,6.6000000000000005,26000.0,0.21400000000000002,37.69333333333333,0.07,0.07,0.06
,,,,,6.73,,5000.0,1.2900277777777776,31.744722222222222,,0.57,
θ¹ Orionis,,0.001,1000.0,5.87,6.73,6.75,30000.0,5.58775,-4.612777777777778,0.06,0.06,0.05
,,,,,6.73,6.680000000000001,12000.0,8.447444444444445,-28.78472222222222,,0.12,0.12
,,,,10.220000000000002,6.73,8.350000000000001,4400.0,9.120750000000001,-50.78805555555555,0.39,0.82,0.56
,,,,6.34,6.73,6.7,16000.0,18.24002777777778,-69.24861111111112,0.09,0.09,0.08
,,,,7.0,6.73,6.86,8750.0,19.06963888888889,3.3305555555555553,0.19,0.18,0.18
,,0.007,142.85714285714286,6.44,6.73,6.720000000000001,12000.0,19.209555555555553,16.84638888888889,0.13,0.12,0.11
,,,,6.94,6.73,6.840000000000001,9000.0,22.828027777777777,-76.94944444444445,0.18,0.17,0.17
,,,,7.069999999999999,6.72,7.029999999999999,7500.0,1.0767777777777778,39.99111111111111,0.26,0.24,0.22
,,,,8.33,6.72,7.67,5200.0,4.809388888888889,-42.019999999999996,0.47,0.52,0.44
,,,,,6.72,6.99,7500.0,4.925055555555556,-24.272222222222222,,0.24,0.23
,,0.025,40.0,7.12,6.72,7.17,6750.0,6.39625,4.595555555555555,0.34,0.29,0.27
,,,,6.12,6.72,6.62,18000.0,7.651972222222223,-17.320833333333333,0.09,0.08,0.08
,,,,,6.72,7.96,5000.0,7.831888888888889,-59.948888888888895,,0.57,0.43
,,,,,6.72,,9500.0,7.940777777777778,56.504444444444445,,0.16,
,,,,,6.72,,4700.0,19.02636111111111,25.02583333333333,,0.68,
,,,,7.14,6.72,7.069999999999999,6900.0,20.067,-6.530277777777778,0.32,0.28,0.27
,,,,,6.72,6.779999999999999,14000.0,23.40972222222222,41.11277777777778,,0.1,0.09
,,,,6.27,6.71,6.68,14000.0,1.7008333333333332,61.038333333333334,0.11,0.1,0.1
,,,,10.0,6.71,8.19,4550.0,4.208777777777778,-43.63166666666667,0.38,0.75,0.54
,,,,6.31,6.71,6.64,12000.0,5.888638888888888,20.299166666666668,0.14,0.12,0.12
,,,,6.260000000000001,6.71,6.65,14000.0,6.414611111111111,29.70722222222222,0.11,0.1,0.1
,,,,6.75,6.71,6.75,9750.0,6.449638888888889,0.8408333333333333,0.17,0.16,0.16
,,0.01,100.0,7.3,6.71,7.26,6450.0,10.986916666666666,-80.44388888888889,0.36,0.32,0.29
,,,,,6.71,7.89,5400.0,16.780916666666666,-24.47138888888889,,0.47,0.35
,,,,6.39,6.71,6.67,12000.0,20.239333333333335,42.103611111111114,0.13,0.12,0.12
,,,,7.17,6.71,7.1899999999999995,6900.0,22.79641666666667,-37.778055555555554,0.32,0.28,0.25
,,,,6.8500000000000005,6.7,6.7700000000000005,9750.0,0.08608333333333333,45.22916666666667,0.16,0.16,0.15
,,,,6.49,6.7,6.69,9750.0,0.5407777777777778,43.49472222222222,0.19,0.16,0.16
,,,,6.45,6.7,6.62,12000.0,1.6472222222222221,-24.978055555555557,0.13,0.12,0.12
,,0.008,125.0,8.21,6.7,7.62,5200.0,4.726416666666667,-7.203888888888889,0.5,0.52,0.45
θ¹ Orionis,,0.001,1000.0,6.08,6.7,6.79,30000.0,5.5881388888888885,-4.612222222222222,0.06,0.06,0.05
,,0.003,333.3333333333333,,6.7,7.78,4850.0,5.879916666666667,-37.47416666666667,,0.63,0.52
,,0.009,111.11111111111111,6.9,6.7,6.930000000000001,10000.0,8.303500000000001,-36.62583333333333,0.15,0.15,0.14
,,,,6.0200000000000005,6.7,6.57,22000.0,8.491,-26.6675,0.08,0.07,0.07
,,,,,6.7,7.19,6750.0,9.644638888888888,-38.38583333333333,,0.29,0.27
,,,,7.0600000000000005,6.7,6.970000000000001,7500.0,9.995305555555555,3.3847222222222224,0.26,0.24,0.23
,,,,6.7,6.7,6.7,10000.0,10.0615,-24.683333333333334,0.16,0.15,0.15
,,,,,6.7,6.75,9750.0,19.440166666666666,-13.448888888888888,,0.16,0.16
,,,,6.22,6.7,6.63,14000.0,20.90619444444444,40.70305555555556,0.11,0.1,0.1
,,,,6.33,6.7,6.61,12000.0,21.540861111111113,23.394444444444446,0.14,0.12,0.12
,,,,,6.7,,2450.0,2.292611111111111,44.30694444444444,,9.28,
,,0.01,100.0,,6.7,,2450.0,16.429916666666667,18.8925,,9.28,
,,0.02,50.0,7.17,6.69,7.2,6300.0,0.6660833333333334,-32.038333333333334,0.41,0.34,0.31
,,,,6.81,6.69,6.71,9500.0,0.8815000000000001,38.54861111111111,0.17,0.16,0.17
,,,,,6.69,6.79,9000.0,5.899277777777777,-18.361666666666668,,0.18,0.17
,,,,10.73,6.69,8.64,3200.0,8.508222222222223,-35.278888888888886,1.68,2.61,1.98
κ¹ Boötis,,0.01,100.0,7.04,6.69,7.08,7350.0,14.224361111111111,51.78777777777778,0.28,0.25,0.23
,,0.01,100.0,,6.69,,2900.0,17.05838888888889,35.41416666666667,,4.01,
,,,,6.290000000000001,6.69,6.800000000000001,26000.0,18.501416666666668,4.065277777777777,0.06,0.07,0.05
,,,,,6.69,,12000.0,19.017555555555553,-36.93916666666667,,0.12,
,,,,6.02,6.69,6.71,26000.0,19.022944444444445,20.83361111111111,0.07,0.07,0.06
,,0.012,83.33333333333333,7.0200000000000005,6.69,7.140000000000001,6900.0,23.396527777777777,32.53138888888889,0.34,0.28,0.26
,,,,5.989999999999999,6.68,6.56,22000.0,7.523833333333333,-35.84722222222222,0.08,0.07,0.07
,,,,,6.68,7.66,5200.0,11.295277777777777,-35.46555555555556,,0.53,0.44
,,,,7.069999999999999,6.68,6.989999999999999,7350.0,13.273750000000001,-0.6094444444444445,0.28,0.25,0.24
,,,,8.87,6.68,7.96,2450.0,13.550194444444445,-6.805,26.2,9.36,12.84
,,0.024,41.666666666666664,7.609999999999999,6.68,7.359999999999999,5500.0,15.212083333333332,19.285833333333336,0.53,0.46,0.43
,,,,9.530000000000001,6.68,8.07,4550.0,17.76625,39.322500000000005,0.47,0.76,0.57
,,,,6.159999999999999,6.68,6.569999999999999,20000.0,17.834249999999997,48.39416666666666,0.08,0.08,0.07
,,,,8.5,6.68,7.81,5900.0,18.53147222222222,-18.875,0.28,0.39,0.28
,,,,6.89,6.68,6.76,9250.0,19.300222222222224,31.022222222222222,0.17,0.17,0.17
,,,,,6.68,,9250.0,19.602222222222224,11.15,,0.17,
,,,,6.65,6.68,6.71,9750.0,21.175555555555558,22.454722222222223,0.17,0.16,0.16
,,,,7.319999999999999,6.68,7.26,6300.0,23.065916666666666,-3.2047222222222222,0.39,0.34,0.31
,,,,,6.67,,9500.0,0.5429166666666667,27.580555555555556,,0.17,
,,,,6.279999999999999,6.67,6.6,12000.0,5.194833333333333,0.5147222222222222,0.14,0.12,0.12
,,,,,6.67,8.22,4400.0,6.265888888888889,-28.211666666666666,,0.84,0.6
,,,,6.739999999999999,6.67,6.7299999999999995,9500.0,6.389638888888889,-3.3127777777777774,0.18,0.17,0.16
,,,,6.2,6.67,6.61,14000.0,8.481472222222223,-19.049722222222222,0.12,0.11,0.1
,,0.004,250.0,7.02,6.67,6.89,9500.0,8.924888888888889,-6.028888888888889,0.15,0.17,0.15
,,,,6.9799999999999995,6.67,6.88,7500.0,9.40625,36.58694444444445,0.27,0.24,0.24
,,0.012,83.33333333333333,,6.67,6.66,10000.0,10.793888888888889,-14.738055555555556,,0.16,0.15
,,,,7.01,6.67,6.9399999999999995,7750.0,11.266055555555555,12.844722222222222,0.25,0.23,0.22
,,,,6.28,6.67,6.66,14000.0,15.096583333333333,-24.210277777777776,0.11,0.11,0.1
,,,,,6.67,6.91,7750.0,19.577749999999998,48.164722222222224,,0.23,0.22
,,,,,6.66,,5000.0,5.070277777777777,73.76388888888889,,0.59,
,,,,6.31,6.66,6.59,12000.0,5.009416666666667,3.616111111111111,0.14,0.12,0.12
,,,,6.970000000000001,6.66,6.8100000000000005,9500.0,5.263055555555556,-33.07333333333334,0.16,0.17,0.16
,,,,,6.66,6.51,24000.0,6.114416666666666,-10.82638888888889,,0.07,0.06
,,,,6.4,6.66,6.62,12000.0,6.421777777777778,1.501111111111111,0.13,0.12,0.12
,,0.026,38.46153846153846,7.180000000000001,6.66,6.98,8250.0,10.29738888888889,71.06055555555555,0.2,0.21,0.19
,,,,5.91,6.66,6.58,26000.0,10.350555555555555,2.289722222222222,0.07,0.07,0.06
,,,,6.78,6.66,6.73,9500.0,11.305833333333334,11.98472222222222,0.17,0.17,0.16
,,,,7.03,6.66,7.03,7500.0,13.451277777777777,64.73555555555555,0.27,0.24,0.22
σ Coronae Borealis,,0.045,22.22222222222222,,6.66,,5900.0,16.244666666666667,33.858333333333334,,0.39,
,,,,6.63,6.66,6.7,10000.0,17.853472222222223,-29.442777777777778,0.17,0.16,0.15
,,,,7.09,6.66,7.08,7350.0,18.638638888888888,-0.8866666666666667,0.27,0.25,0.23
,,,,5.82,6.66,6.5,26000.0,20.706166666666665,35.45611111111111,0.07,0.07,0.06
,,,,6.63,6.66,6.62,9750.0,20.890666666666664,42.41027777777778,0.18,0.16,0.16
,,,,6.91,6.66,7.04,6900.0,20.997444444444444,16.824166666666667,0.36,0.28,0.27
,,,,5.8999999999999995,6.66,6.72,30000.0,22.010916666666667,62.488055555555555,0.06,0.06,0.05
,,,,6.55,6.66,6.66,9750.0,22.305666666666667,76.48805555555556,0.18,0.16,0.16
,,,,5.930000000000001,6.66,6.61,26000.0,23.121694444444444,46.06805555555556,0.07,0.07,0.06
,,,,,6.65,6.58,10000.0,3.2698055555555556,-29.1725,,0.16,0.16
,,0.007,142.85714285714286,5.6,6.65,6.46,26000.0,5.646416666666666,-1.4058333333333333,0.08,0.07,0.06
,,,,6.88,6.65,6.82,8750.0,6.741722222222222,82.11527777777778,0.2,0.19,0.18
,,,,6.11,6.65,6.53,18000.0,6.527555555555556,11.792222222222222,0.09,0.09,0.08
,,,,10.15,6.65,8.23,3200.0,6.680361111111111,-46.32527777777778,2.19,2.65,2.39
,,,,5.65,6.65,6.46,26000.0,7.147027777777778,-23.95583333333333,0.08,0.07,0.06
,,,,6.13,6.65,6.54,14000.0,7.288277777777778,6.680555555555556,0.12,0.11,0.1
,,,,,6.65,7.28,5600.0,7.511777777777778,-36.66027777777778,,0.45,0.42
,,,,6.590000000000001,6.65,6.640000000000001,10000.0,7.574666666666666,-25.883333333333333,0.17,0.16,0.16
,,,,9.65,6.65,8.05,4250.0,8.151861111111112,-29.677500000000002,0.6,0.95,0.74
,,,,,6.65,6.8500000000000005,9250.0,9.460666666666667,-34.992222222222225,,0.17,0.16
,,,,,6.65,,5200.0,10.875222222222222,52.56527777777777,,0.54,
,,,,6.95,6.65,6.87,9500.0,12.479055555555556,25.899166666666666,0.16,0.17,0.15
,,,,6.840000000000001,6.65,6.7700000000000005,8750.0,13.85125,34.7725,0.2,0.19,0.19
,,,,7.15,6.65,7.11,6600.0,15.051833333333335,44.644444444444446,0.36,0.31,0.29
,,,,6.14,6.65,6.58,10000.0,16.142888888888887,-38.90694444444444,0.21,0.16,0.16
,,,,,6.65,8.450000000000001,4400.0,17.008972222222223,-44.54833333333333,,0.85,0.54
,,,,7.2,6.65,7.15,6600.0,17.21511111111111,0.35194444444444445,0.35,0.31,0.29
,,,,6.86,6.65,6.8500000000000005,12000.0,17.32347222222222,-43.776944444444446,0.11,0.13,0.11
,,,,,6.65,,2900.0,19.005277777777778,40.68416666666666,,4.08,
,,,,,6.65,7.0,7350.0,22.65233333333333,-51.30777777777778,,0.25,0.24
,,,,6.3500000000000005,6.65,6.590000000000001,14000.0,23.540166666666668,34.9525,0.11,0.11,0.1
,,,,7.069999999999999,6.64,7.01,7200.0,0.17738888888888887,-72.77555555555556,0.29,0.26,0.25
,,,,6.88,6.64,6.76,9250.0,1.69475,-49.961111111111116,0.17,0.18,0.17
,,,,5.819999999999999,6.64,6.47,24000.0,6.263055555555556,4.283611111111111,0.08,0.07,0.07
,,,,7.209999999999999,6.64,7.199999999999999,6300.0,6.2516388888888885,-70.29722222222222,0.41,0.34,0.31
,,0.007,142.85714285714286,,6.64,10.0,3600.0,8.923027777777778,17.231388888888887,,1.68,0.6
,,,,10.379999999999999,6.64,8.34,3200.0,14.950388888888888,-50.55305555555556,1.97,2.67,2.27
,,,,6.56,6.64,6.659999999999999,10000.0,18.828888888888887,31.629166666666666,0.17,0.16,0.15
,,,,,6.64,6.91,7350.0,19.38561111111111,14.921111111111111,,0.25,0.25
,,,,6.26,6.64,6.6499999999999995,18000.0,19.677694444444445,23.717499999999998,0.08,0.09,0.08
,,0.018,55.55555555555556,7.489999999999999,6.64,7.319999999999999,5700.0,21.036833333333334,-42.99805555555555,0.5,0.43,0.39
,,,,6.17,6.63,6.54,14000.0,2.3270277777777775,39.835,0.12,0.11,0.1
,,,,7.109999999999999,6.63,7.01,7500.0,5.903305555555556,-63.51777777777777,0.26,0.25,0.23
,,,,6.17,6.63,6.56,14000.0,5.993805555555555,-0.5555555555555556,0.12,0.11,0.1
,,,,6.14,6.63,6.58,18000.0,6.272555555555556,1.0802777777777777,0.09,0.09,0.08
,,,,6.789999999999999,6.63,6.6899999999999995,9250.0,7.0281666666666665,4.8180555555555555,0.18,0.18,0.17
,,,,6.63,6.63,6.61,9750.0,8.683777777777777,-8.948055555555555,0.18,0.16,0.17
,,,,,6.63,,9000.0,11.212361111111111,54.89416666666666,,0.18,
ι² Muscae,,,,6.33,6.63,6.57,12000.0,13.455083333333333,-73.30805555555555,0.14,0.13,0.12
,,,,6.95,6.63,7.0,7350.0,14.457583333333332,41.025,0.29,0.26,0.24
,,0.036,27.77777777777778,7.33,6.63,7.22,6000.0,16.410999999999998,-28.296666666666667,0.45,0.38,0.35
,,,,6.79,6.63,6.7,9500.0,18.130111111111113,13.071111111111112,0.17,0.17,0.17
,,,,6.989999999999999,6.63,6.9399999999999995,7200.0,18.28466666666667,1.0058333333333334,0.3,0.27,0.26
,,,,,6.63,,4250.0,18.30213888888889,23.296666666666667,,0.96,
,,,,,6.63,6.61,14000.0,18.488,-37.14888888888889,,0.11,0.1
,,,,6.3100000000000005,6.63,6.58,14000.0,18.87825,-29.265833333333333,0.11,0.11,0.1
,,,,6.1499999999999995,6.63,6.59,12000.0,18.934416666666667,17.995,0.15,0.13,0.12
,,,,10.02,6.63,8.18,4250.0,20.34058333333333,-5.638333333333334,0.51,0.96,0.7
,,,,6.03,6.63,6.53,20000.0,20.93691666666667,51.075,0.08,0.08,0.07
,,,,5.81,6.63,6.47,22000.0,21.166277777777776,45.5025,0.08,0.08,0.07
,,,,6.66,6.63,6.66,9750.0,21.304472222222223,-74.65333333333334,0.17,0.16,0.16
,,,,6.659999999999999,6.63,6.64,9750.0,21.379694444444446,38.634166666666665,0.17,0.16,0.16
,,,,7.0200000000000005,6.62,6.890000000000001,9000.0,5.0769166666666665,32.32027777777778,0.17,0.18,0.17
,,,,,6.62,,5000.0,5.333972222222222,44.425555555555555,,0.6,
,,,,6.75,6.62,6.67,9500.0,6.2123333333333335,-1.4955555555555555,0.17,0.17,0.17
,,,,5.99,6.62,6.49,18000.0,6.7675833333333335,-38.46,0.09,0.09,0.08
,,,,5.68,6.62,6.45,26000.0,7.116694444444444,-25.342222222222222,0.08,0.07,0.06
,,,,,6.62,6.73,9500.0,8.46486111111111,-25.8675,,0.17,0.16
,,,,,6.62,6.7,9500.0,9.326027777777778,-10.685833333333333,,0.17,0.17
,,,,7.0600000000000005,6.62,7.08,6600.0,11.954055555555556,40.343611111111116,0.38,0.32,0.3
,,,,,6.62,7.3,7050.0,12.941694444444444,-25.539722222222224,,0.28,0.23
,,,,6.71,6.62,6.68,9750.0,13.314194444444444,3.687777777777778,0.17,0.16,0.16
,,,,,6.62,7.7,4850.0,18.821444444444445,-33.25138888888889,,0.65,0.54
,,,,,6.62,6.7,10000.0,18.97236111111111,-23.12333333333333,,0.16,0.15
,,,,,6.62,6.890000000000001,8250.0,19.777638888888887,25.133888888888887,,0.21,0.2
π¹ Gruis,,,,10.489999999999998,6.62,8.629999999999999,2750.0,22.37886111111111,-44.05222222222223,5.15,5.32,4.57
,,,,,6.62,7.25,6150.0,22.76888888888889,-47.02111111111111,,0.37,0.33
,,,,7.0,6.62,6.99,6750.0,23.36616666666667,26.60888888888889,0.36,0.3,0.29
,,,,6.91,6.61,6.75,9750.0,1.1073611111111112,-34.33916666666667,0.15,0.16,0.16
,,,,6.220000000000001,6.61,6.5600000000000005,12000.0,1.2734722222222221,48.08222222222223,0.14,0.13,0.12
,,,,6.66,6.61,6.65,9750.0,4.898833333333333,1.5694444444444444,0.17,0.16,0.16
,,,,,6.61,7.73,4850.0,5.799472222222222,-39.347500000000004,,0.66,0.53
,,,,5.62,6.61,6.42,28000.0,6.954111111111112,-21.796666666666667,0.07,0.07,0.06
,,,,,6.61,6.46,26000.0,7.348111111111111,-21.148333333333333,,0.07,0.06
,,,,6.17,6.61,6.53,10000.0,7.528555555555555,-34.11222222222222,0.21,0.16,0.16
,,,,,6.61,7.880000000000001,4850.0,8.005444444444445,-44.543055555555554,,0.66,0.5
,,0.011,90.90909090909092,6.91,6.61,6.83,9500.0,10.821472222222223,-3.9758333333333336,0.16,0.17,0.16
,,,,8.48,6.61,7.69,5000.0,12.184138888888889,-44.577222222222225,0.51,0.6,0.49
,,0.005,200.0,6.86,6.61,6.75,9500.0,14.424944444444444,-18.03027777777778,0.17,0.17,0.16
,,,,7.000000000000001,6.61,6.8100000000000005,8750.0,15.045805555555555,-2.968611111111111,0.19,0.19,0.18
,,,,6.4799999999999995,6.61,6.63,12000.0,16.282999999999998,-20.69611111111111,0.13,0.13,0.12
,,,,6.16,6.61,6.63,24000.0,18.14836111111111,-24.527500000000003,0.07,0.07,0.06
,,,,7.28,6.61,6.99,8250.0,18.84736111111111,-21.83777777777778,0.19,0.21,0.19
,,0.013,76.92307692307692,8.41,6.61,7.710000000000001,6450.0,19.489305555555557,-6.956111111111111,0.22,0.33,0.23
,,,,6.74,6.61,6.640000000000001,9250.0,19.560111111111112,38.76222222222222,0.19,0.18,0.18
,,,,,6.61,6.840000000000001,9500.0,19.66547222222222,-38.56666666666667,,0.17,0.16
,,,,,6.61,7.1000000000000005,7050.0,21.470527777777775,-10.431666666666667,,0.28,0.25
,,,,6.39,6.6,6.56,10000.0,1.4630555555555556,40.33555555555556,0.19,0.16,0.16
,,,,6.4799999999999995,6.6,6.569999999999999,12000.0,2.3369166666666668,64.33722222222222,0.13,0.13,0.12
,,,,6.96,6.6,6.84,7500.0,5.077194444444444,27.69611111111111,0.28,0.25,0.25
,,,,,6.6,,9500.0,5.730194444444445,85.66805555555555,,0.17,
,,0.047,21.27659574468085,7.38,6.6,7.25,5500.0,5.9343055555555555,13.925277777777778,0.59,0.48,0.45
,,0.041,24.390243902439025,7.46,6.6,7.26,5700.0,6.3350277777777775,-47.25888888888889,0.5,0.44,0.4
,,0.003,333.3333333333333,5.81,6.6,6.449999999999999,14000.0,6.3965555555555556,-18.21472222222222,0.14,0.11,0.11
,,,,5.67,6.6,6.43,26000.0,7.22975,-30.916111111111114,0.08,0.07,0.06
,,0.038,26.315789473684212,7.239999999999999,6.6,7.1899999999999995,6000.0,7.339361111111111,-51.69027777777778,0.47,0.39,0.36
,,,,5.609999999999999,6.6,6.3999999999999995,26000.0,7.398416666666667,-29.783055555555556,0.08,0.07,0.06
,,,,,6.6,7.739999999999999,4850.0,7.629111111111111,-34.72277777777778,,0.66,0.53
,,,,,6.6,6.619999999999999,10000.0,8.281722222222223,-20.67972222222222,,0.16,0.16
μ² Chamaeleontis,,,,8.049999999999999,6.6,7.52,5400.0,10.068777777777777,-80.43416666666667,0.47,0.5,0.42
,,,,,6.6,6.659999999999999,9500.0,14.568888888888889,-41.900277777777774,,0.17,0.17
,,,,,6.6,6.609999999999999,9750.0,14.97038888888889,-10.844999999999999,,0.17,0.17
,,,,,6.6,8.129999999999999,4550.0,15.880972222222223,-49.38472222222222,,0.79,0.55
,,,,10.159999999999998,6.6,8.809999999999999,5500.0,17.241027777777777,-38.23305555555556,0.17,0.48,0.22
,,,,,6.6,6.68,9500.0,18.90897222222222,-48.12138888888889,,0.17,0.17
,,,,5.52,6.6,6.409999999999999,26000.0,19.317722222222223,33.388888888888886,0.08,0.07,0.06
,,,,,6.6,6.989999999999999,7050.0,19.504083333333334,-31.907777777777778,,0.28,0.26
,,,,5.889999999999999,6.6,6.449999999999999,14000.0,19.42963888888889,58.02722222222222,0.13,0.11,0.11
,,,,5.93,6.6,6.489999999999999,22000.0,20.547861111111114,43.19166666666666,0.08,0.08,0.07
,,,,6.21,6.6,6.56,12000.0,23.011805555555554,31.083055555555557,0.15,0.13,0.12
,,,,6.95,6.6,7.0,6750.0,23.266083333333334,24.77111111111111,0.37,0.3,0.29
,,,,10.09,6.6,8.17,3350.0,23.685277777777777,-23.839722222222225,1.71,2.25,1.96
,,0.002,500.0,6.92,6.6,6.92,7750.0,22.550805555555556,69.91361111111112,0.26,0.24,0.22
,,,,6.45,6.59,6.55,10000.0,1.5509722222222222,-8.985277777777778,0.18,0.16,0.16
,,,,,6.59,6.68,9250.0,3.6895555555555557,-18.415277777777778,,0.18,0.18
,,,,8.129999999999999,6.59,7.52,5000.0,4.123638888888888,-41.08305555555556,0.6,0.61,0.53
,,,,6.97,6.59,6.97,7200.0,4.14275,-44.13527777777777,0.31,0.27,0.25
,,,,9.969999999999999,6.59,8.12,4400.0,5.488166666666666,-61.68555555555556,0.44,0.88,0.63
,,,,5.63,6.59,6.42,26000.0,5.566,1.4077777777777778,0.08,0.07,0.06
,,,,6.0,6.59,6.53,14000.0,5.6985,23.32638888888889,0.13,0.11,0.1
,,,,6.64,6.59,6.62,9500.0,5.908944444444445,11.7625,0.18,0.17,0.17
,,,,6.27,6.59,6.54,14000.0,6.038083333333333,1.6944444444444444,0.11,0.11,0.1
,,,,6.46,6.59,6.56,10000.0,6.292583333333333,14.058333333333334,0.18,0.16,0.16
,,,,,6.59,,7750.0,6.483333333333333,11.019444444444446,,0.24,
,,,,6.999999999999999,6.59,6.859999999999999,7750.0,7.021444444444445,32.41444444444444,0.25,0.24,0.23
,,,,5.930000000000001,6.59,6.57,26000.0,7.031944444444444,5.5575,0.07,0.07,0.06
,,,,,6.59,6.78,8750.0,7.2066944444444445,-26.525833333333335,,0.19,0.19
,,,,6.37,6.59,6.54,10000.0,7.640055555555555,-38.00861111111111,0.19,0.16,0.16
,,,,7.159999999999999,6.59,7.1,6900.0,8.454777777777776,-5.590277777777778,0.32,0.29,0.26
,,,,6.739999999999999,6.59,6.6499999999999995,9500.0,8.968944444444444,1.5416666666666665,0.18,0.17,0.17
,,,,6.96,6.59,6.93,7350.0,11.119,-31.41277777777778,0.29,0.26,0.25
,,,,,6.59,,7200.0,11.701444444444444,22.210833333333333,,0.27,
,,0.005,200.0,6.99,6.59,6.88,7500.0,13.065111111111111,-2.336666666666667,0.27,0.25,0.24
,,,,6.74,6.59,6.67,9500.0,13.225555555555555,72.79888888888888,0.18,0.17,0.17
,,,,8.98,6.59,7.89,5000.0,13.666833333333333,-69.21166666666667,0.41,0.61,0.45
,,,,6.699999999999999,6.59,6.6499999999999995,10000.0,13.691916666666668,-22.550277777777776,0.16,0.16,0.16
,,,,,6.59,7.609999999999999,5200.0,15.06013888888889,34.566111111111105,,0.55,0.45
,,,,6.26,6.59,6.8,8086.0,16.90544444444444,-40.18,0.32,0.22,0.21
,,,,7.0,6.59,6.99,7050.0,16.97822222222222,-13.130277777777778,0.32,0.28,0.26
,,,,6.91,6.59,6.82,8250.0,17.008166666666668,6.583611111111111,0.22,0.21,0.2
,,,,,6.59,,4700.0,17.677111111111113,43.47083333333334,,0.72,
,,,,6.999999999999999,6.59,6.859999999999999,9500.0,18.21944444444444,-3.9883333333333333,0.16,0.17,0.15
,,,,5.98,6.59,6.66,26000.0,18.489444444444445,-24.74361111111111,0.07,0.07,0.06
,,,,5.96,6.59,6.47,22000.0,18.556416666666667,30.8925,0.08,0.08,0.07
,,,,,6.59,6.89,8000.0,18.520777777777777,65.43611111111112,,0.22,0.21
,,,,,6.59,,9750.0,18.820666666666668,25.04638888888889,,0.17,
,,0.009,111.11111111111111,6.819999999999999,6.59,6.76,9500.0,20.86077777777778,-61.57083333333333,0.17,0.17,0.16
,,,,,6.59,6.47,12000.0,21.893333333333334,-9.688333333333333,,0.13,0.13
,,,,6.61,6.59,6.62,10000.0,21.989722222222223,57.65833333333333,0.17,0.16,0.16
,,,,,6.59,8.07,4250.0,23.829083333333333,-61.160555555555554,,0.98,0.73
,,,,6.6899999999999995,6.59,6.64,9250.0,23.941027777777776,83.19111111111111,0.19,0.18,0.18
,,-0.016,-62.5,6.35,6.58,6.54,12000.0,1.4481944444444446,3.5352777777777775,0.14,0.13,0.12
,,,,6.95,6.58,6.88,7500.0,1.4786944444444445,-32.23638888888889,0.28,0.25,0.24
,,,,6.45,6.58,6.61,12000.0,1.6229166666666668,74.30083333333333,0.13,0.13,0.12
,,,,,6.58,,4400.0,5.006444444444444,39.655,,0.88,
,,,,6.85,6.58,6.83,9250.0,5.76375,40.507222222222225,0.18,0.18,0.16
,,0.019,52.631578947368425,7.57,6.58,7.3,5400.0,6.079694444444444,-47.54138888888889,0.58,0.5,0.46
,,,,6.07,6.58,6.5,14000.0,6.225944444444445,18.68027777777778,0.12,0.11,0.1
,,,,,6.58,7.76,4850.0,6.665805555555556,-37.84111111111111,,0.67,0.53
,,,,6.68,6.58,6.64,9750.0,7.473,-36.18972222222222,0.17,0.17,0.16
,,,,7.26,6.58,7.17,6000.0,8.189333333333334,38.731388888888894,0.47,0.39,0.36
,,,,7.51,6.58,7.26,6000.0,8.588722222222223,19.59,0.41,0.39,0.35
,,,,8.79,6.58,7.71,5000.0,9.95422222222222,-63.510555555555555,0.44,0.61,0.49
,,,,7.9399999999999995,6.58,7.34,6450.0,12.90611111111111,-57.56944444444445,0.27,0.34,0.28
,,,,6.77,6.58,6.68,9000.0,14.254694444444445,52.53583333333333,0.19,0.19,0.18
,,0.039,25.641025641025642,7.38,6.58,7.25,6000.0,15.486388888888888,80.44861111111112,0.44,0.39,0.35
,,0.012,83.33333333333333,,6.58,6.68,9500.0,16.73813888888889,-26.54388888888889,,0.17,0.17
,,,,5.6899999999999995,6.58,6.55,28000.0,18.156222222222222,-35.3275,0.07,0.07,0.06
,,,,10.25,6.58,8.25,3500.0,19.34061111111111,-30.182222222222222,1.23,1.92,1.53
,,,,6.23,6.58,6.61,14000.0,19.313472222222224,19.610555555555557,0.11,0.11,0.1
,,,,5.970000000000001,6.58,6.5200000000000005,20000.0,20.656416666666665,45.66694444444444,0.08,0.08,0.07
,,,,8.99,6.58,7.8100000000000005,4850.0,21.146638888888887,-75.7875,0.46,0.67,0.51
,,,,,6.58,,6600.0,21.389722222222222,37.406666666666666,,0.32,
,,,,6.55,6.58,6.55,12000.0,21.415416666666665,49.32333333333334,0.12,0.13,0.12
,,0.032,31.25,7.4,6.58,7.24,5500.0,23.632944444444444,46.19972222222222,0.59,0.48,0.45
,,0.051,19.607843137254903,7.12,6.58,7.13,6000.0,23.991444444444447,33.724444444444444,0.5,0.39,0.37
,,0.051,19.607843137254903,,6.58,,6000.0,23.991444444444447,33.724444444444444,,0.39,
,,,,,6.57,7.91,4400.0,0.4969166666666667,-31.883333333333333,,0.88,0.69
,,,,6.82,6.57,6.720000000000001,9250.0,3.450888888888889,18.75638888888889,0.18,0.18,0.17
,,,,6.62,6.57,6.6000000000000005,10000.0,3.586777777777778,73.34694444444445,0.17,0.16,0.16
,,0.005,200.0,6.04,6.57,6.65,26000.0,3.797944444444444,33.6,0.06,0.07,0.06
,,,,10.14,6.57,8.190000000000001,4250.0,5.193305555555556,-36.60472222222222,0.48,0.98,0.69
,,,,5.99,6.57,6.48,20000.0,5.355361111111111,4.0119444444444445,0.08,0.08,0.07
,,0.002,500.0,6.340000000000001,6.57,6.5200000000000005,12000.0,5.425333333333334,0.5441666666666667,0.14,0.13,0.13
,,,,5.58,6.57,6.390000000000001,28000.0,5.909638888888889,-3.9361111111111113,0.08,0.07,0.06
,,,,5.94,6.57,6.45,16000.0,6.2828888888888885,7.053055555555555,0.11,0.1,0.09
,,,,6.65,6.57,6.71,10000.0,6.501527777777778,9.029166666666667,0.16,0.16,0.15
,,,,6.17,6.57,6.5,14000.0,6.647083333333333,4.700555555555556,0.12,0.11,0.1
,,,,,6.57,7.65,5400.0,6.75725,-51.79888888888889,,0.51,0.39
,,,,,6.57,7.65,5500.0,6.879694444444445,-53.91,,0.48,0.37
,,,,6.51,6.57,6.58,10000.0,7.072277777777778,1.4883333333333333,0.18,0.16,0.16
,,,,,6.57,6.640000000000001,9500.0,7.718583333333333,-48.00722222222222,,0.17,0.17
,,,,5.7700000000000005,6.57,6.44,26000.0,7.775944444444445,-39.94027777777778,0.07,0.07,0.06
ι Cancri,,0.017,58.8235294117647,6.65,6.57,6.61,9250.0,8.777777777777779,28.76527777777778,0.19,0.18,0.18
,,,,,6.57,7.050000000000001,7050.0,10.279333333333334,-19.329444444444444,,0.28,0.26
,,,,,6.57,6.86,7500.0,10.604833333333334,-9.416666666666666,,0.25,0.24
,,,,,6.57,,4250.0,13.578555555555555,76.54666666666667,,0.98,
,,,,6.91,6.57,6.94,6900.0,15.51538888888889,8.579166666666666,0.36,0.3,0.28
,,,,6.31,6.57,6.5,12000.0,15.642416666666666,-38.83916666666667,0.14,0.13,0.13
,,,,8.040000000000001,6.57,7.48,5500.0,17.266472222222223,-86.43361111111112,0.44,0.48,0.4
,,,,,6.57,8.14,4400.0,16.76488888888889,-82.7611111111111,,0.88,0.62
,,,,,6.57,6.71,9500.0,16.911194444444444,-10.2075,,0.17,0.17
,,,,6.74,6.57,6.65,9750.0,17.17938888888889,12.467222222222222,0.17,0.17,0.16
,,,,6.4,6.57,6.58,14000.0,17.588472222222222,-21.95611111111111,0.11,0.11,0.1
,,,,6.750000000000001,6.57,6.680000000000001,9250.0,18.57211111111111,20.46638888888889,0.18,0.18,0.18
,,,,,6.57,7.59,5800.0,19.20272222222222,-36.41722222222222,,0.43,0.33
,,0.044,22.72727272727273,7.430000000000001,6.57,7.220000000000001,5600.0,19.20138888888889,49.85611111111111,0.54,0.46,0.43
,,,,,6.57,,3350.0,19.743944444444445,34.413888888888884,,2.29,
,,,,6.0200000000000005,6.57,6.49,18000.0,19.918472222222224,30.19527777777778,0.09,0.09,0.08
,,,,,6.57,,5300.0,20.038972222222224,64.63444444444445,,0.53,
,,,,6.5,6.57,6.57,10000.0,20.330083333333334,37.1325,0.18,0.16,0.16
,,,,6.180000000000001,6.57,6.470000000000001,14000.0,20.93841666666667,-2.4386111111111113,0.12,0.11,0.11
,,,,,6.57,6.98,7500.0,21.49988888888889,-18.852222222222224,,0.25,0.23
,,,,6.98,6.57,6.8500000000000005,7500.0,22.757944444444444,-87.18166666666667,0.27,0.25,0.24
,,0.057,17.543859649122805,,6.57,,5800.0,22.442833333333333,-15.258611111111112,,0.43,
,,,,6.000000000000001,6.57,6.470000000000001,20000.0,22.44977777777778,56.43333333333333,0.08,0.08,0.07
,,,,7.0,6.57,6.92,7200.0,23.042527777777778,31.780555555555555,0.3,0.27,0.26
,,,,,6.57,,4250.0,23.70411111111111,44.99194444444444,,0.98,
,,0.005,200.0,,6.56,,10000.0,0.3484722222222222,10.976944444444445,,0.16,
,,,,9.54,6.56,7.949999999999999,4700.0,2.9058055555555553,-63.56444444444445,0.4,0.73,0.54
,,,,,6.56,6.3999999999999995,24000.0,5.280027777777778,-16.858333333333334,,0.07,0.07
,,,,6.859999999999999,6.56,6.699999999999999,8250.0,5.490472222222222,77.9775,0.23,0.22,0.21
,,,,5.99,6.56,6.47,14000.0,5.364166666666667,-12.24388888888889,0.13,0.11,0.11
,,,,5.66,6.56,6.43,28000.0,5.589388888888888,-3.506666666666667,0.07,0.07,0.06
,,,,10.579999999999998,6.56,8.809999999999999,3500.0,6.197611111111112,21.86861111111111,1.06,1.94,1.18
,,,,6.3999999999999995,6.56,6.52,10000.0,6.464194444444445,47.405277777777776,0.19,0.16,0.17
,,,,,6.56,6.569999999999999,9750.0,7.444638888888889,-22.28777777777778,,0.17,0.17
,,,,8.59,6.56,7.739999999999999,5800.0,7.681305555555556,-30.339166666666667,0.28,0.43,0.31
,,,,7.569999999999999,6.56,7.289999999999999,5200.0,7.938138888888889,80.26555555555555,0.67,0.56,0.52
,,,,7.26,6.56,7.14,5700.0,7.829222222222222,-19.793055555555558,0.55,0.45,0.42
,,,,6.79,6.56,6.67,9000.0,8.228250000000001,23.137777777777778,0.19,0.19,0.18
,,,,,6.56,6.6,9500.0,8.459249999999999,-19.156111111111112,,0.17,0.17
,,,,6.77,6.56,6.659999999999999,9500.0,9.601416666666667,-63.04944444444444,0.17,0.17,0.17
,,,,8.209999999999999,6.56,7.489999999999999,5100.0,11.5195,48.78916666666667,0.54,0.59,0.51
,,,,6.789999999999999,6.56,6.6899999999999995,9000.0,11.59538888888889,10.911111111111111,0.19,0.19,0.18
,,0.002,500.0,6.92,6.56,6.81,7750.0,12.585083333333333,18.377222222222223,0.26,0.24,0.23
,,,,6.579999999999999,6.56,6.569999999999999,9750.0,12.803972222222223,13.553055555555556,0.18,0.17,0.17
,,,,,6.56,6.659999999999999,9000.0,14.087222222222223,-15.664166666666667,,0.19,0.19
,,,,6.89,6.56,6.84,7500.0,15.584611111111112,1.6688888888888886,0.29,0.25,0.25
,,,,10.16,6.56,8.18,3200.0,16.935111111111112,50.038888888888884,2.18,2.77,2.45
,,0.055,18.181818181818183,7.38,6.56,7.21,5500.0,17.53363888888889,34.270833333333336,0.59,0.49,0.46
,,,,,6.56,,10000.0,17.743166666666667,2.578888888888889,,0.16,
,,0.014,71.42857142857143,7.109999999999999,6.56,7.1,6300.0,18.245555555555555,29.20722222222222,0.43,0.36,0.33
,,,,6.31,6.56,6.489999999999999,12000.0,18.5365,52.11555555555556,0.14,0.13,0.13
,,,,6.329999999999999,6.56,6.609999999999999,12000.0,19.119194444444446,0.6416666666666666,0.14,0.13,0.12
,,,,,6.56,6.54,10000.0,19.16011111111111,-35.835277777777776,,0.16,0.16
,,0.011,90.90909090909092,6.97,6.56,6.85,9750.0,20.227944444444443,24.23888888888889,0.15,0.17,0.15
,,,,6.6899999999999995,6.56,6.64,9500.0,20.56488888888889,10.059722222222224,0.18,0.17,0.17
,,,,5.529999999999999,6.56,6.43,26000.0,20.906222222222222,28.521944444444443,0.08,0.07,0.06
,,0.056,17.857142857142858,7.52,6.56,7.289999999999999,5500.0,21.32938888888889,-25.646944444444443,0.56,0.49,0.44
,,,,,6.56,,9500.0,22.495527777777777,35.72555555555556,,0.17,
,,,,6.97,6.56,6.859999999999999,7750.0,22.778805555555554,-45.06055555555556,0.25,0.24,0.23
,,,,6.93,6.56,6.7299999999999995,9500.0,23.13675,44.56166666666666,0.16,0.17,0.16
,,,,10.559999999999999,6.56,8.44,3200.0,23.705777777777776,64.51555555555555,1.82,2.77,2.17
,,,,6.24,6.55,6.55,12000.0,0.38683333333333336,-30.96388888888889,0.14,0.13,0.12
,,,,6.97,6.55,6.8,7750.0,1.7764722222222222,17.413055555555555,0.25,0.24,0.23
,,,,6.46,6.55,6.53,10000.0,2.257861111111111,-8.534444444444444,0.18,0.16,0.16
,,,,8.42,6.55,7.57,5100.0,2.286222222222222,23.767777777777777,0.49,0.59,0.49
,,,,6.2299999999999995,6.55,6.47,14000.0,2.6588055555555554,-63.71805555555556,0.11,0.11,0.11
,,,,7.01,6.55,7.04,6300.0,3.7889166666666667,-28.098055555555558,0.45,0.36,0.34
,,,,,6.55,6.99,7200.0,4.415666666666667,-33.242222222222225,,0.28,0.25
,,,,8.82,6.55,7.66,4850.0,5.420277777777778,34.85527777777778,0.5,0.67,0.55
,,,,6.26,6.55,6.53,12000.0,5.557972222222222,42.10888888888889,0.14,0.13,0.13
,,,,,6.55,7.92,4550.0,5.889694444444444,-41.078611111111115,,0.81,0.61
,,,,6.31,6.55,6.4799999999999995,12000.0,6.146444444444445,8.67,0.14,0.13,0.13
,,,,6.21,6.55,6.49,12000.0,6.6,4.4975000000000005,0.15,0.13,0.13
,,,,9.89,6.55,8.06,4250.0,6.832722222222222,-44.55,0.54,0.99,0.74
,,,,7.13,6.55,7.09,6750.0,7.354694444444444,-7.121666666666666,0.34,0.31,0.28
,,,,6.92,6.55,6.77,8250.0,7.579444444444444,2.725,0.22,0.22,0.21
,,,,,6.55,6.609999999999999,9250.0,7.7275277777777776,-24.496111111111112,,0.18,0.18
,,0.059,16.949152542372882,7.289999999999999,6.55,7.1499999999999995,5600.0,8.622194444444444,-39.8525,0.58,0.47,0.44
,,,,6.67,6.55,6.59,9750.0,8.85775,-41.495555555555555,0.17,0.17,0.17
,,,,8.26,6.55,7.51,5200.0,9.234222222222222,71.65583333333333,0.49,0.56,0.47
,,0.014,71.42857142857143,,6.55,,7750.0,10.27113888888889,17.740277777777777,,0.24,
,,,,6.96,6.55,6.9799999999999995,6750.0,10.99475,11.705833333333333,0.37,0.31,0.29
,,,,6.829999999999999,6.55,6.7299999999999995,9500.0,11.569444444444445,11.023611111111112,0.17,0.18,0.16
,,,,,6.55,6.85,7500.0,14.27175,-32.75861111111111,,0.26,0.24
,,,,6.88,6.55,6.96,6750.0,17.019333333333332,27.19638888888889,0.38,0.31,0.3
,,0.005,200.0,,6.55,,4250.0,18.846,10.97638888888889,,0.99,
,,,,,6.55,6.9399999999999995,6900.0,19.96147222222222,-37.94166666666667,,0.3,0.28
,,,,6.59,6.55,6.59,9750.0,20.090666666666664,-11.334722222222222,0.18,0.17,0.17
,,,,6.88,6.55,6.78,9250.0,20.489194444444447,20.087777777777777,0.17,0.18,0.17
μ² Octantis,,,,7.42,6.55,7.17,5500.0,20.69547222222222,-74.64944444444446,0.58,0.49,0.46
,,,,6.8999999999999995,6.55,6.84,7750.0,20.918916666666668,-0.6266666666666666,0.26,0.24,0.23
,,,,9.03,6.55,7.7299999999999995,4700.0,22.178472222222222,-74.11944444444445,0.51,0.74,0.59
,,,,,6.55,,4700.0,22.747,52.51722222222222,,0.74,
,,0.042,23.809523809523807,6.88,6.55,6.99,6750.0,23.866,77.59944444444444,0.38,0.31,0.29
,,0.022,45.45454545454546,7.07,6.54,7.04,6300.0,0.7985555555555556,20.92527777777778,0.43,0.36,0.34
,,,,5.89,6.54,6.46,24000.0,1.0796666666666666,51.01,0.07,0.08,0.07
,,,,6.79,6.54,6.73,8750.0,1.1063333333333334,62.76166666666666,0.21,0.2,0.19
,,,,5.9399999999999995,6.54,6.42,20000.0,2.6224444444444446,39.895833333333336,0.09,0.08,0.08
,,,,6.87,6.54,6.7,9000.0,4.306805555555555,9.486666666666666,0.19,0.19,0.18
,,,,7.5,6.54,7.14,5800.0,5.34425,46.96388888888889,0.47,0.43,0.4
,,,,5.989999999999999,6.54,6.43,14000.0,5.32175,-17.490277777777777,0.13,0.11,0.11
,,,,5.550000000000001,6.54,6.36,24000.0,5.604166666666666,-4.351944444444445,0.09,0.08,0.07
,,,,,6.54,,9000.0,5.842777777777777,56.91888888888889,,0.19,
,,,,,6.54,6.44,16000.0,6.2259166666666665,-28.60388888888889,,0.1,0.09
,,,,5.880000000000001,6.54,6.44,20000.0,6.3478611111111105,11.756388888888889,0.09,0.08,0.08
,,,,,6.54,,9750.0,6.671333333333334,79.59944444444444,,0.17,
,,,,5.9399999999999995,6.54,6.43,14000.0,6.750666666666667,-29.41388888888889,0.13,0.11,0.11
,,0.038,26.315789473684212,,6.54,7.0,6600.0,7.447277777777778,21.535833333333336,,0.33,0.31
,,,,6.65,6.54,6.61,9500.0,7.5321388888888885,38.896388888888886,0.18,0.18,0.17
,,,,8.32,6.54,7.55,5000.0,7.5473888888888885,22.887777777777778,0.55,0.62,0.52
,,,,6.05,6.54,6.45,16000.0,7.6994444444444445,-37.471111111111114,0.1,0.1,0.09
,,,,5.8100000000000005,6.54,6.44,24000.0,7.751277777777778,-36.11222222222222,0.08,0.08,0.07
,,,,,6.54,,8250.0,8.206138888888889,14.00388888888889,,0.22,
,,,,,6.54,7.67,4850.0,9.376861111111111,-38.22527777777778,,0.68,0.55
,,,,6.609999999999999,6.54,6.59,9500.0,9.454055555555556,-8.776388888888889,0.19,0.18,0.17
,,,,,6.54,7.73,4850.0,10.047027777777778,-29.4225,,0.68,0.53
,,0.007,142.85714285714286,6.96,6.54,7.0,6600.0,10.38738888888889,5.694166666666667,0.4,0.33,0.31
,,0.049,20.408163265306122,7.22,6.54,7.14,5800.0,11.131777777777778,-29.825277777777778,0.53,0.43,0.4
,,0.003,333.3333333333333,6.72,6.54,6.64,9250.0,11.918249999999999,46.47694444444445,0.19,0.18,0.18
,,0.016,62.5,,6.54,6.99,7050.0,12.263055555555555,-22.646388888888886,,0.29,0.26
,,0.016,62.5,6.88,6.54,6.87,7200.0,12.302666666666667,-2.0513888888888885,0.32,0.28,0.26
,,,,6.83,6.54,6.71,9500.0,12.47725,26.226666666666667,0.17,0.18,0.17
,,,,6.500000000000001,6.54,6.5200000000000005,10000.0,13.115083333333333,-34.13805555555555,0.18,0.16,0.17
,,,,6.68,6.54,6.59,9250.0,13.102833333333333,29.029444444444444,0.19,0.18,0.18
,,,,6.500000000000001,6.54,6.5200000000000005,9750.0,13.163944444444445,62.22916666666667,0.19,0.17,0.17
,,,,,6.54,6.8100000000000005,7500.0,14.306611111111112,-32.779444444444444,,0.26,0.25
,,,,6.8500000000000005,6.54,6.73,8750.0,15.882416666666668,-64.8475,0.2,0.2,0.19
,,,,,6.54,6.5,10000.0,17.203777777777777,-24.745277777777776,,0.16,0.17
,,,,5.8100000000000005,6.54,6.65,39000.0,18.29125,-17.53666666666667,0.06,0.06,0.05
,,,,,6.54,6.82,7500.0,18.783083333333334,-49.90555555555555,,0.26,0.25
,,,,6.86,6.54,6.92,7200.0,18.965888888888887,77.05083333333333,0.32,0.28,0.26
,,0.002,500.0,5.890000000000001,6.54,6.48,14000.0,19.265833333333333,27.455555555555556,0.13,0.11,0.11
,,,,6.15,6.54,6.53,16000.0,19.871000000000002,10.351388888888888,0.1,0.1,0.09
,,,,,6.54,6.67,9250.0,20.11986111111111,50.22916666666667,,0.18,0.18
,,,,5.48,6.54,6.4,28000.0,21.184416666666667,36.299166666666665,0.08,0.07,0.06
,,,,5.93,6.54,6.41,16000.0,21.158027777777775,63.29555555555555,0.11,0.1,0.09
,,,,6.95,6.54,6.82,6000.0,21.771277777777776,43.06083333333333,0.54,0.4,0.43
,,,,6.88,6.54,6.83,7500.0,22.82563888888889,10.47888888888889,0.29,0.26,0.25
,,,,5.779999999999999,6.54,6.43,24000.0,23.015194444444443,38.70805555555556,0.08,0.08,0.07
,,,,,6.54,,4250.0,23.923055555555557,25.955,,1.0,
,,,,5.84,6.54,6.45,22000.0,23.97958333333333,46.41305555555555,0.08,0.08,0.07
,,,,10.08,6.53,8.14,4700.0,2.3851388888888887,-36.42361111111111,0.32,0.74,0.49
,,,,,6.53,6.760000000000001,8000.0,3.9675277777777778,34.81444444444444,,0.23,0.22
,,,,6.790000000000001,6.53,6.680000000000001,9000.0,4.3469444444444445,9.225555555555555,0.19,0.19,0.18
,,0.064,15.625,7.45,6.53,7.21,5500.0,4.67175,-57.05638888888889,0.57,0.49,0.46
,,,,,6.53,6.510000000000001,10000.0,5.564472222222222,-28.151111111111113,,0.17,0.17
λ Mensae,,,,8.58,6.53,7.61,5000.0,5.796694444444444,-71.29777777777778,0.49,0.63,0.51
,,,,5.54,6.53,6.36,26000.0,7.005361111111111,-21.880555555555556,0.08,0.07,0.07
,,0.011,90.90909090909092,,6.53,,12000.0,7.380805555555555,55.28444444444444,,0.13,
,,,,6.220000000000001,6.53,6.5200000000000005,12000.0,7.627472222222223,-13.55888888888889,0.14,0.13,0.13
,,,,7.69,6.53,7.3100000000000005,5800.0,7.816361111111111,4.332777777777777,0.43,0.43,0.37
,,0.005,200.0,6.08,6.53,6.44,12000.0,8.438222222222223,-38.940555555555555,0.15,0.13,0.13
,,,,,6.53,6.510000000000001,10000.0,8.45761111111111,-54.98833333333334,,0.17,0.17
,,,,6.470000000000001,6.53,6.510000000000001,9750.0,8.634777777777778,9.574722222222222,0.19,0.17,0.17
,,,,,6.53,6.53,9750.0,9.173055555555555,-22.82333333333333,,0.17,0.17
,,,,6.550000000000001,6.53,6.5200000000000005,9750.0,9.354277777777778,15.371111111111112,0.18,0.17,0.17
,,,,6.86,6.53,6.75,8750.0,9.380805555555556,-8.16111111111111,0.2,0.2,0.19
,,,,6.75,6.53,6.65,9250.0,9.555083333333334,28.368055555555557,0.18,0.18,0.18
,,,,,6.53,6.91,7200.0,9.609361111111111,-23.297222222222224,,0.28,0.26
,,,,6.569999999999999,6.53,6.55,9500.0,10.146027777777777,-9.115277777777779,0.19,0.18,0.18
,,,,6.64,6.53,6.58,9250.0,13.044555555555556,59.71611111111111,0.19,0.18,0.18
,,,,,6.53,7.41,5200.0,13.209972222222222,18.751666666666665,,0.57,0.49
,,0.039,25.641025641025642,7.15,6.53,7.1000000000000005,5700.0,13.815305555555556,-34.29611111111111,0.58,0.45,0.43
,,,,,6.53,7.04,5500.0,13.842916666666667,-18.102777777777778,,0.49,0.49
,,,,,6.53,,8750.0,14.3155,54.86416666666667,,0.2,
,,0.012,83.33333333333333,7.08,6.53,7.01,7200.0,16.095694444444444,-5.708333333333333,0.29,0.28,0.25
,,,,6.87,6.53,6.7700000000000005,7500.0,16.191583333333334,9.712499999999999,0.29,0.26,0.25
,,0.01,100.0,6.3100000000000005,6.53,6.470000000000001,9750.0,16.603916666666667,52.924166666666665,0.2,0.17,0.18
,,,,7.28,6.53,7.13,6000.0,17.336888888888886,-69.95444444444445,0.46,0.4,0.37
,,,,5.84,6.53,6.42,24000.0,18.444694444444444,26.449444444444445,0.08,0.08,0.07
,,,,6.84,6.53,6.88,7350.0,19.0885,-0.4872222222222222,0.31,0.27,0.25
,,,,5.9,6.53,6.45,20000.0,19.406222222222222,28.087777777777777,0.09,0.08,0.08
,,,,6.7299999999999995,6.53,6.63,9250.0,19.252166666666668,83.46277777777777,0.19,0.18,0.18
,,0.017,58.8235294117647,6.880000000000001,6.53,6.970000000000001,6900.0,19.812194444444444,35.311388888888885,0.36,0.3,0.28
,,,,6.4399999999999995,6.53,6.55,12000.0,19.889611111111112,4.400555555555556,0.13,0.13,0.12
,,,,9.850000000000001,6.53,8.06,4400.0,19.949361111111113,-56.074444444444445,0.47,0.9,0.65
,,,,,6.53,6.45,14000.0,20.09225,-33.0,,0.11,0.11
,,,,,6.53,6.9,7200.0,20.27402777777778,-34.80222222222223,,0.28,0.26
,,,,6.1000000000000005,6.53,6.760000000000001,30000.0,23.27411111111111,61.963055555555556,0.06,0.07,0.05
,,,,6.96,6.53,6.88,7200.0,23.667444444444445,37.652499999999996,0.31,0.28,0.26
,,,,,6.52,,10000.0,0.3347777777777778,48.86527777777778,,0.17,
,,,,,6.52,,9500.0,0.7708611111111111,55.305277777777775,,0.18,
,,,,7.03,6.52,7.0,6450.0,1.2065,-29.197777777777777,0.41,0.35,0.32
,,,,6.47,6.52,6.52,10000.0,2.077805555555556,65.10333333333332,0.18,0.17,0.17
,,,,,6.52,7.56,5000.0,2.667361111111111,-29.366111111111113,,0.63,0.52
,,,,6.77,6.52,6.68,8750.0,5.10025,35.936388888888885,0.21,0.2,0.19
,,,,8.54,6.52,7.6,4850.0,5.137444444444445,-34.281666666666666,0.56,0.68,0.57
,,,,5.879999999999999,6.52,6.359999999999999,12000.0,5.679444444444445,-9.590555555555556,0.17,0.13,0.14
,,0.034,29.41176470588235,8.05,6.52,7.42,5200.0,5.902972222222223,-49.63805555555555,0.54,0.57,0.49
,,,,,6.52,6.35,24000.0,6.212861111111112,-16.236944444444443,,0.08,0.07
,,,,6.879999999999999,6.52,6.789999999999999,7500.0,6.292972222222222,46.424166666666665,0.29,0.26,0.25
,,,,7.06,6.52,6.9399999999999995,6750.0,6.877694444444445,-41.495555555555555,0.35,0.32,0.3
,,,,,6.52,7.4399999999999995,5200.0,7.553694444444444,-42.91361111111111,,0.57,0.49
,,,,6.6499999999999995,6.52,6.579999999999999,9750.0,8.212777777777777,-28.089166666666667,0.17,0.17,0.17
,,,,6.829999999999999,6.52,6.739999999999999,7500.0,9.572111111111111,46.90222222222222,0.29,0.26,0.26
,,,,,6.52,7.5,5000.0,10.009555555555556,-55.053333333333335,,0.63,0.54
,,,,8.32,6.52,7.5,4850.0,10.101972222222221,-51.81194444444445,0.62,0.68,0.59
,,,,6.4,6.52,6.5,10000.0,10.302861111111111,27.415277777777778,0.19,0.17,0.17
,,,,8.209999999999999,6.52,7.47,5600.0,10.600472222222223,80.49444444444444,0.38,0.47,0.38
,,,,,6.52,6.81,7500.0,10.61988888888889,-10.25138888888889,,0.26,0.25
,,,,6.88,6.52,6.77,7750.0,13.635527777777778,14.301666666666668,0.26,0.24,0.24
,,,,9.969999999999999,6.52,8.11,4400.0,15.119083333333334,-70.09472222222222,0.44,0.91,0.63
,,,,,6.52,,6750.0,15.614833333333333,29.991111111111113,,0.32,
,,,,6.3999999999999995,6.52,6.47,12000.0,16.86802777777778,14.974166666666667,0.13,0.13,0.13
,,0.029,34.48275862068965,7.7299999999999995,6.52,7.279999999999999,5500.0,17.05288888888889,14.511111111111111,0.51,0.49,0.44
,,,,,6.52,7.1,5700.0,17.34283333333333,-18.66722222222222,,0.45,0.43
,,,,8.2,6.52,7.52,5000.0,17.764916666666668,38.88138888888889,0.58,0.63,0.53
,,,,6.619999999999999,6.52,6.569999999999999,9000.0,17.931944444444447,-17.197777777777777,0.21,0.19,0.19
,,,,6.999999999999999,6.52,6.9799999999999995,6450.0,18.078666666666667,40.08416666666667,0.42,0.35,0.33
,,,,6.76,6.52,6.59,9500.0,18.783055555555556,46.315,0.17,0.18,0.17
,,,,,6.52,6.84,7200.0,19.061805555555555,21.267777777777777,,0.28,0.27
,,,,5.839999999999999,6.52,6.369999999999999,10000.0,18.981277777777777,69.53111111111112,0.24,0.17,0.18
,,,,6.01,6.52,6.4799999999999995,12000.0,19.329472222222222,64.39083333333333,0.16,0.13,0.13
,,,,6.97,6.52,6.85,7750.0,19.41711111111111,-3.1158333333333332,0.25,0.24,0.23
,,,,8.42,6.52,7.58,5100.0,19.59886111111111,50.23861111111111,0.49,0.6,0.48
,,,,6.56,6.52,6.56,9750.0,20.84361111111111,18.05138888888889,0.18,0.17,0.17
,,0.003,333.3333333333333,9.0,6.52,7.779999999999999,4850.0,23.618166666666667,-30.129166666666666,0.46,0.68,0.52
,,,,5.839999999999999,6.52,6.409999999999999,18000.0,23.98033333333333,32.38166666666667,0.1,0.09,0.08
,,,,6.6,6.51,6.6,9500.0,2.490277777777778,55.53638888888889,0.19,0.18,0.17
,,,,,6.51,6.8,7750.0,2.503833333333333,-24.81361111111111,,0.25,0.23
η¹ Fornacis,,,,,6.51,7.47,5000.0,2.7926944444444444,-34.44916666666667,,0.63,0.54
,,,,6.87,6.51,6.8,7750.0,3.430111111111111,53.92166666666667,0.26,0.25,0.23
,,,,,6.51,,10000.0,3.4192777777777774,41.257222222222225,,0.17,
,,,,10.1,6.51,8.15,3350.0,4.004361111111111,-50.43527777777778,1.7,2.35,1.97
,,,,6.8,6.51,6.67,9500.0,4.225361111111111,8.890555555555554,0.17,0.18,0.17
,,,,6.93,6.51,6.83,8750.0,5.53,85.93861111111111,0.19,0.2,0.18
,,,,8.63,6.51,7.62,4850.0,5.207138888888889,-80.45833333333333,0.54,0.69,0.56
,,,,8.8,6.51,7.67,4850.0,6.117194444444444,-44.90861111111111,0.5,0.69,0.55
,,,,6.409999999999999,6.51,6.4799999999999995,10000.0,6.429611111111112,2.272222222222222,0.18,0.17,0.17
,,,,,6.51,8.209999999999999,4250.0,6.413388888888889,-51.19361111111112,,1.01,0.69
,,,,5.9,6.51,6.37,14000.0,6.6755,6.371666666666666,0.13,0.11,0.11
,,,,8.69,6.51,7.62,4850.0,6.682722222222223,-70.22444444444444,0.53,0.69,0.56
,,,,5.629999999999999,6.51,6.4399999999999995,26000.0,8.01225,-1.1183333333333334,0.08,0.07,0.06
,,,,6.64,6.51,6.56,9500.0,8.476638888888889,-22.928333333333335,0.18,0.18,0.18
,,,,7.12,6.51,6.95,9750.0,8.638972222222222,-5.3374999999999995,0.14,0.17,0.14
,,,,6.51,6.51,6.5,9500.0,8.974305555555556,35.802499999999995,0.2,0.18,0.18
π¹ Cancri,,0.064,15.625,7.49,6.51,7.24,5100.0,9.204888888888888,14.99611111111111,0.75,0.6,0.57
,,,,,6.51,6.91,7050.0,10.352166666666667,-16.015,,0.29,0.27
,,0.006,166.66666666666666,,6.51,6.58,10000.0,10.36,-21.471666666666668,,0.17,0.16
,,,,,6.51,7.05,6450.0,10.514277777777778,-25.516111111111112,,0.35,0.32
,,,,8.06,6.51,7.47,5000.0,13.499333333333333,6.013333333333334,0.62,0.63,0.54
,,,,6.569999999999999,6.51,6.56,9750.0,13.73175,-4.501111111111111,0.18,0.17,0.17
,,,,9.68,6.51,8.49,5000.0,13.786305555555556,-61.41,0.29,0.63,0.34
,,,,,6.51,7.41,5200.0,13.929027777777778,-30.715,,0.57,0.49
,,,,6.91,6.51,6.91,6750.0,14.82563888888889,51.374722222222225,0.38,0.32,0.3
,,,,,6.51,,9750.0,15.24775,68.94527777777778,,0.17,
,,,,6.89,6.51,6.859999999999999,7050.0,15.604833333333334,-64.38666666666667,0.34,0.29,0.28
,,,,7.13,6.51,7.09,6450.0,15.572444444444445,-4.305,0.39,0.35,0.31
,,,,7.68,6.51,7.2299999999999995,5200.0,15.609361111111111,0.5616666666666668,0.64,0.57,0.54
,,,,,6.51,6.83,7200.0,15.770222222222223,-27.938333333333333,,0.28,0.27
,,,,7.05,6.51,6.8999999999999995,7500.0,17.314666666666668,6.085277777777778,0.27,0.26,0.24
,,,,6.739999999999999,6.51,6.6499999999999995,9000.0,17.434694444444446,58.651944444444446,0.2,0.19,0.19
,,,,,6.51,6.5,12000.0,18.1995,-27.09861111111111,,0.13,0.13
,,,,9.25,6.51,7.85,4850.0,18.311583333333335,-24.395277777777775,0.41,0.69,0.5
,,,,7.51,6.51,7.05,7050.0,18.575777777777777,-23.777500000000003,0.25,0.29,0.26
,,,,6.449999999999999,6.51,6.529999999999999,12000.0,18.759916666666665,21.985,0.13,0.13,0.13
,,,,6.16,6.51,6.43,12000.0,19.389944444444446,50.271388888888886,0.15,0.13,0.13
,,0.026,38.46153846153846,,6.51,6.7299999999999995,8750.0,19.67027777777778,60.507222222222225,,0.2,0.19
,,,,5.71,6.51,6.41,26000.0,19.838194444444444,7.902500000000001,0.08,0.07,0.06
,,0.01,100.0,6.949999999999999,6.51,6.8999999999999995,7200.0,19.92211111111111,-5.265833333333333,0.31,0.28,0.26
,,,,6.39,6.51,6.52,12000.0,20.409,53.551944444444445,0.13,0.13,0.13
,,,,,6.51,7.08,6450.0,20.67666666666667,-25.355,,0.35,0.31
,,,,5.8999999999999995,6.51,6.39,18000.0,20.683444444444444,39.08222222222223,0.1,0.09,0.09
,,,,6.97,6.51,6.97,5200.0,22.728527777777778,10.939166666666667,0.88,0.57,0.6
,,0.008,125.0,6.739999999999999,6.51,6.6899999999999995,9250.0,22.94763888888889,11.848333333333334,0.19,0.19,0.17
,,,,,6.51,6.779999999999999,7350.0,23.17961111111111,-28.475,,0.27,0.26
,,0.008,125.0,,6.51,,5600.0,23.746750000000002,55.79972222222222,,0.48,
,,,,6.0200000000000005,6.5,6.41,14000.0,0.6055555555555555,27.254722222222224,0.13,0.11,0.11
,,,,6.67,6.5,6.58,9250.0,2.328,-3.654444444444444,0.19,0.19,0.18
,,0.018,55.55555555555556,6.890000000000001,6.5,6.91,6600.0,2.6168055555555556,24.6475,0.41,0.33,0.32
,,,,,6.5,7.87,4550.0,3.395722222222222,-31.29277777777778,,0.83,0.62
χ³ Fornacis,,,,6.71,6.5,6.63,9750.0,3.4698611111111113,-34.14666666666667,0.17,0.17,0.16
,,,,6.840000000000001,6.5,6.65,8750.0,3.650027777777778,20.91583333333333,0.2,0.2,0.2
,,0.005,200.0,,6.5,,8250.0,4.721694444444444,59.520833333333336,,0.22,
,,,,6.51,6.5,6.52,10000.0,4.932888888888889,5.399166666666667,0.18,0.17,0.17
,,,,6.83,6.5,6.71,8250.0,5.225361111111111,62.69138888888889,0.23,0.22,0.21
,,,,5.92,6.5,6.4,16000.0,5.658555555555556,-8.293333333333335,0.11,0.1,0.09
,,,,,6.5,,5000.0,7.097722222222222,70.73194444444445,,0.64,
,,,,5.92,6.5,6.4,16000.0,7.657472222222222,-25.136944444444442,0.11,0.1,0.09
,,0.009,111.11111111111111,6.5,6.5,6.52,9500.0,8.355611111111111,-0.3977777777777778,0.2,0.18,0.18
,,,,,6.5,7.96,4700.0,8.873916666666668,-31.490833333333335,,0.75,0.53
,,,,6.86,6.5,6.86,7200.0,9.134472222222222,32.54055555555556,0.32,0.28,0.27
,,,,,6.5,,5200.0,9.332166666666666,74.01638888888888,,0.57,
,,,,,6.5,,5000.0,9.741666666666665,18.863611111111112,,0.64,
,,,,6.8500000000000005,6.5,6.7,9250.0,10.357972222222221,-22.289166666666667,0.18,0.19,0.17
,,0.052,19.23076923076923,6.81,6.5,6.93,6600.0,11.267777777777779,52.77305555555555,0.42,0.33,0.32
,,0.054,18.51851851851852,7.78,6.5,7.29,5000.0,11.445916666666667,3.0130555555555554,0.71,0.64,0.59
,,,,6.87,6.5,6.72,7750.0,11.99922222222222,34.035,0.26,0.25,0.24
,,,,,6.5,6.69,8750.0,13.194222222222223,-25.448333333333334,,0.2,0.19
,,0.028,35.714285714285715,7.54,6.5,7.24,5400.0,13.433305555555554,63.26111111111111,0.59,0.52,0.47
,,,,8.38,6.5,7.53,5000.0,13.614027777777778,-33.532222222222224,0.54,0.64,0.53
,,0.024,41.666666666666664,6.91,6.5,6.97,6450.0,13.753666666666666,55.879444444444445,0.43,0.35,0.33
,,,,,6.5,6.64,9000.0,14.58075,-19.560833333333335,,0.19,0.19
,,0.017,58.8235294117647,6.829999999999999,6.5,6.81,7500.0,15.068444444444443,5.4925,0.29,0.26,0.25
μ² Boötis,,0.039,25.641025641025642,7.22,6.5,7.09,5900.0,15.408583333333334,37.34777777777778,0.5,0.42,0.39
,,,,6.68,6.5,6.64,8750.0,15.461333333333332,62.275555555555556,0.22,0.2,0.2
,,0.011,90.90909090909092,7.010000000000001,6.5,7.03,6600.0,15.644444444444444,-7.205555555555556,0.39,0.33,0.3
,,0.012,83.33333333333333,6.859999999999999,6.5,6.89,7050.0,16.21258333333333,26.670833333333334,0.34,0.29,0.28
,,,,7.07,6.5,6.87,8250.0,16.508305555555555,-6.485,0.21,0.22,0.2
,,,,6.050000000000001,6.5,6.44,14000.0,18.007694444444443,19.50583333333333,0.12,0.11,0.11
,,,,6.5,6.5,6.51,10000.0,18.054083333333335,19.613055555555558,0.18,0.17,0.17
,,0.029,34.48275862068965,7.69,6.5,7.29,5200.0,18.511555555555557,20.81527777777778,0.63,0.57,0.52
,,,,6.03,6.5,6.46,16000.0,18.979194444444442,19.79416666666667,0.1,0.1,0.09
,,,,5.739999999999999,6.5,6.35,20000.0,19.615722222222225,38.38388888888889,0.09,0.09,0.08
,,,,6.27,6.5,6.89,30000.0,19.67452777777778,20.476666666666667,0.05,0.07,0.05
,,,,6.72,6.5,6.6,9500.0,19.8775,-53.02333333333333,0.18,0.18,0.17
,,,,6.07,6.5,6.44,14000.0,20.33225,46.837500000000006,0.12,0.11,0.11
,,,,,6.5,7.4399999999999995,5200.0,20.753666666666668,-26.752777777777776,,0.57,0.49
,,,,5.91,6.5,6.4,18000.0,21.04988888888889,0.9247222222222222,0.1,0.09,0.08
,,,,,6.5,6.53,10000.0,21.48438888888889,-30.761388888888888,,0.17,0.16
,,,,,6.5,,9250.0,23.009555555555554,45.375,,0.19,
,,,,5.87,6.5,6.42,12000.0,23.0455,55.23638888888889,0.17,0.13,0.13
,,,,,6.5,,8750.0,23.317333333333334,45.13722222222222,,0.2,
,,,,8.43,6.5,8.16,2450.0,5.288277777777778,53.586111111111116,32.09,10.17,11.71
,,,,9.620000000000001,6.5,8.16,2900.0,12.220277777777778,-33.87444444444444,5.3,4.37,4.18
,,,,,6.5,6.61,9250.0,18.482611111111108,-25.418333333333333,,0.19,0.18
,,,,8.21,6.49,7.49,5200.0,0.2653333333333333,-74.0886111111111,0.5,0.58,0.48
,,,,7.94,6.49,7.41,5500.0,0.674611111111111,-15.483055555555556,0.46,0.5,0.42
,,,,8.58,6.49,7.57,5000.0,1.3763333333333334,0.44972222222222225,0.49,0.64,0.52
,,,,,6.49,,10000.0,1.4295833333333334,70.98,,0.17,
,,,,,6.49,7.01,6000.0,2.640222222222222,-36.00944444444444,,0.41,0.39
,,,,,6.49,6.87,7050.0,2.7792222222222223,-20.360277777777778,,0.29,0.28
,,,,,6.49,,4550.0,3.0779722222222223,15.85611111111111,,0.83,
,,0.006,166.66666666666666,6.279999999999999,6.49,6.51,12000.0,3.473222222222222,60.25555555555555,0.14,0.13,0.13
,,,,7.28,6.49,7.12,6000.0,3.580333333333333,6.417777777777778,0.46,0.41,0.37
,,,,6.87,6.49,6.8500000000000005,6750.0,3.6871666666666667,-10.196944444444444,0.39,0.32,0.31
,,,,,6.49,7.51,5200.0,3.747388888888889,-47.938611111111115,,0.58,0.47
,,0.015,66.66666666666667,,6.49,7.0,6450.0,4.76675,76.6111111111111,,0.35,0.32
,,,,6.83,6.49,6.73,8250.0,5.323222222222222,33.98555555555556,0.23,0.22,0.21
,,,,,6.49,7.7,4700.0,5.260805555555556,-51.81805555555556,,0.76,0.6
,,,,,6.49,6.99,6600.0,5.386666666666667,-25.29416666666667,,0.33,0.31
,,,,,6.49,6.92,6750.0,5.608388888888888,25.939444444444444,,0.32,0.3
,,,,,6.49,,8750.0,5.937333333333333,51.803888888888885,,0.2,
,,,,,6.49,7.01,6450.0,6.156472222222223,-48.437222222222225,,0.35,0.32
,,,,5.95,6.49,6.7,28000.0,7.010916666666667,-8.796944444444446,0.06,0.07,0.05
,,,,5.550000000000001,6.49,6.44,30000.0,7.097138888888889,-9.338888888888889,0.07,0.07,0.06
,,,,6.88,6.49,6.75,7500.0,7.774277777777778,62.830555555555556,0.29,0.26,0.26
,,,,6.550000000000001,6.49,6.5200000000000005,9250.0,8.281611111111111,84.05777777777777,0.2,0.19,0.19
,,0.038,26.315789473684212,7.2700000000000005,6.49,7.11,6300.0,8.043277777777778,57.27361111111111,0.4,0.37,0.33
,,,,,6.49,6.7700000000000005,7500.0,8.341416666666667,53.574444444444445,,0.26,0.25
,,,,5.66,6.49,6.3100000000000005,26000.0,8.555527777777778,-37.62888888888889,0.08,0.07,0.07
,,,,,6.49,6.91,6450.0,9.586611111111111,-34.176111111111105,,0.35,0.34
,,,,7.25,6.49,7.09,6000.0,10.274472222222222,28.6825,0.47,0.41,0.38
,,,,,6.49,6.69,8250.0,10.594138888888889,-17.430833333333332,,0.22,0.22
,,,,6.57,6.49,6.5200000000000005,9750.0,11.137722222222221,-28.027222222222225,0.18,0.17,0.17
,,,,9.9,6.49,8.07,3050.0,11.920583333333333,36.756388888888885,3.34,3.51,3.3
,,,,6.86,6.49,6.8500000000000005,6750.0,12.200333333333333,28.53611111111111,0.39,0.32,0.31
,,,,6.33,6.49,6.57,14000.0,12.654027777777777,-74.63055555555556,0.11,0.12,0.1
,,,,8.42,6.49,7.5200000000000005,4850.0,13.592583333333334,10.204722222222221,0.6,0.69,0.59
,,,,,6.49,,4850.0,13.611055555555556,49.486666666666665,,0.69,
,,,,6.78,6.49,6.82,7350.0,14.004805555555556,-60.518611111111106,0.32,0.27,0.26
,,0.012,83.33333333333333,6.95,6.49,6.91,6900.0,14.41136111111111,-10.330277777777779,0.35,0.31,0.29
,,,,6.49,6.49,6.48,9750.0,14.950999999999999,21.55527777777778,0.19,0.17,0.18
,,,,,6.49,8.01,4850.0,15.999444444444444,-39.34722222222222,,0.69,0.47
,,,,,6.49,,5000.0,16.15722222222222,55.82888888888889,,0.64,
,,,,8.15,6.49,7.49,6300.0,16.314416666666666,-56.10027777777778,0.26,0.37,0.28
,,,,6.07,6.49,6.720000000000001,7937.0,16.871972222222222,-40.14555555555555,0.36,0.24,0.23
,,0.001,1000.0,7.430000000000001,6.49,7.220000000000001,6300.0,17.40061111111111,38.58277777777778,0.37,0.37,0.31
,,0.032,31.25,6.930000000000001,6.49,6.970000000000001,6450.0,17.738805555555558,-71.77916666666667,0.43,0.35,0.33
,,,,8.57,6.49,7.57,5000.0,17.888444444444445,-64.51083333333334,0.49,0.64,0.52
,,,,6.430000000000001,6.49,6.49,9750.0,18.185305555555555,60.409444444444446,0.19,0.17,0.17
,,0.027,37.03703703703704,7.1,6.49,7.04,6150.0,18.639916666666664,-2.8063888888888893,0.46,0.39,0.36
,,,,,6.49,7.71,4700.0,18.691833333333335,-47.905,,0.76,0.6
,,,,,6.49,6.45,10000.0,18.986416666666667,-38.46527777777778,,0.17,0.17
,,,,,6.49,7.59,4850.0,19.147805555555554,-54.27972222222222,,0.69,0.57
,,,,5.7,6.49,6.34,24000.0,19.104722222222225,41.413888888888884,0.08,0.08,0.07
,,,,6.69,6.49,6.58,9500.0,19.228916666666667,5.515833333333333,0.18,0.18,0.18
,,,,7.1000000000000005,6.49,6.82,7350.0,19.713638888888887,29.331666666666667,0.27,0.27,0.26
,,0.01,100.0,6.19,6.49,6.45,14000.0,19.91058333333333,-7.762777777777778,0.12,0.12,0.11
,,,,5.42,6.49,6.34,28000.0,20.186138888888888,-7.1577777777777785,0.08,0.07,0.06
,,,,8.27,6.49,7.49,5000.0,20.563444444444446,41.77222222222222,0.56,0.64,0.54
,,,,6.8,6.49,6.83,7500.0,20.625722222222223,31.521944444444443,0.3,0.26,0.25
,,,,,6.49,6.88,7050.0,20.771833333333333,-35.87972222222222,,0.29,0.28
,,,,,6.49,7.68,5000.0,21.69613888888889,-24.898055555555555,,0.64,0.49
,,,,7.82,6.49,7.34,5500.0,23.26286111111111,28.247777777777777,0.48,0.5,0.43
,,0.041,24.390243902439025,7.0200000000000005,6.49,7.03,6300.0,23.525416666666665,-3.9127777777777775,0.44,0.37,0.34
,,,,6.08,6.48,6.4,12000.0,0.5735833333333333,66.75027777777778,0.15,0.14,0.13
,,,,6.890000000000001,6.48,6.7700000000000005,7750.0,0.8343611111111111,-42.60527777777778,0.26,0.25,0.24
,,,,,6.48,6.7700000000000005,6900.0,2.1596666666666664,-23.65416666666667,,0.31,0.31
,,,,6.1000000000000005,6.48,6.760000000000001,28000.0,2.2810277777777777,57.055277777777775,0.06,0.07,0.05
,,,,,6.48,,5500.0,2.7171944444444445,48.26555555555556,,0.5,
,,,,8.33,6.48,7.510000000000001,5200.0,4.500666666666667,10.2625,0.47,0.58,0.47
,,0.012,83.33333333333333,7.170000000000001,6.48,7.050000000000001,6300.0,5.542722222222222,57.221111111111114,0.41,0.37,0.34
,,,,6.74,6.48,6.57,9500.0,5.557638888888889,32.801111111111105,0.18,0.18,0.18
,,,,,6.48,6.6000000000000005,9250.0,6.396361111111111,-57.45611111111111,,0.19,0.18
,,,,6.25,6.48,6.41,12000.0,6.471333333333334,1.912222222222222,0.14,0.14,0.13
,,,,,6.48,6.87,7050.0,6.452083333333333,-36.10444444444445,,0.3,0.28
ψ⁸ Aurigae,,,,6.24,6.48,6.430000000000001,12000.0,6.899166666666666,38.505,0.14,0.14,0.13
,,,,6.140000000000001,6.48,6.390000000000001,12000.0,7.123611111111111,28.177222222222223,0.15,0.14,0.13
,,,,5.390000000000001,6.48,6.380000000000001,39000.0,7.109972222222222,-11.606111111111112,0.07,0.06,0.05
,,,,,6.48,,9500.0,8.652833333333334,59.93944444444444,,0.18,
,,,,,6.48,6.8100000000000005,7500.0,8.624916666666667,-32.25416666666666,,0.26,0.25
,,,,6.720000000000001,6.48,6.82,7200.0,9.162888888888888,11.564444444444446,0.34,0.28,0.27
,,,,,6.48,6.65,7750.0,9.162527777777779,-48.57527777777778,,0.25,0.25
,,,,6.56,6.48,6.5,9500.0,9.227027777777778,21.283333333333335,0.19,0.18,0.18
,,,,,6.48,6.66,9750.0,9.395777777777777,-36.242777777777775,,0.18,0.16
,,,,5.48,6.48,6.340000000000001,28000.0,9.883333333333333,-54.626666666666665,0.08,0.07,0.06
,,0.064,15.625,7.4,6.48,7.16,5500.0,11.787694444444444,-29.713055555555552,0.59,0.5,0.47
,,,,,6.48,7.460000000000001,5200.0,11.84363888888889,-26.72222222222222,,0.58,0.48
,,,,6.75,6.48,6.66,8750.0,12.31725,26.00777777777778,0.21,0.2,0.2
,,,,,6.48,7.44,5200.0,13.39786111111111,-48.176944444444445,,0.58,0.49
,,0.034,29.41176470588235,6.900000000000001,6.48,6.960000000000001,6600.0,13.554111111111112,-76.43166666666667,0.41,0.34,0.31
,,0.003,333.3333333333333,9.690000000000001,6.48,8.030000000000001,3200.0,13.62861111111111,50.71472222222223,2.71,2.87,2.62
,,,,8.950000000000001,6.48,7.680000000000001,4550.0,13.650638888888889,18.26527777777778,0.61,0.83,0.68
,,,,,6.48,7.42,5300.0,14.429916666666665,-25.147499999999997,,0.55,0.46
,,0.025,40.0,6.94,6.48,6.970000000000001,6600.0,14.571083333333332,57.06527777777777,0.4,0.34,0.31
,,,,6.88,6.48,6.78,8750.0,15.471972222222222,-87.86694444444446,0.2,0.2,0.19
,,,,6.120000000000001,6.48,6.420000000000001,10000.0,15.35836111111111,-37.780833333333334,0.21,0.17,0.17
,,0.011,90.90909090909092,6.98,6.48,7.0,6600.0,15.644472222222221,-7.208888888888889,0.39,0.34,0.31
,,,,,6.48,7.53,6000.0,15.731972222222222,-59.71277777777778,,0.41,0.31
,,0.002,500.0,7.860000000000001,6.48,7.340000000000001,5500.0,15.719611111111112,13.667777777777777,0.48,0.5,0.43
,,,,6.9,6.48,6.880000000000001,7200.0,16.480249999999998,-7.871111111111111,0.32,0.28,0.26
,,,,,6.48,6.49,10000.0,17.595277777777778,-36.56,,0.17,0.17
,,,,9.66,6.48,8.08,2900.0,17.56188888888889,14.841666666666667,5.21,4.42,4.33
,,,,6.180000000000001,6.48,6.4,12000.0,17.981194444444444,45.476111111111116,0.15,0.14,0.13
,,,,,6.48,6.760000000000001,7500.0,18.58925,-19.159166666666668,,0.26,0.25
,,,,,6.48,8.01,4550.0,18.948527777777777,-61.198888888888895,,0.83,0.58
,,0.018,55.55555555555556,7.25,6.48,7.0,6750.0,19.1445,16.85138888888889,0.32,0.32,0.29
,,,,7.220000000000001,6.48,7.11,5500.0,19.358305555555557,-33.01611111111111,0.64,0.5,0.48
,,,,8.540000000000001,6.48,7.5600000000000005,5000.0,19.638194444444444,20.782777777777778,0.5,0.64,0.52
,,,,,6.48,8.09,2750.0,19.701138888888888,55.46333333333334,,5.67,5.86
,,,,5.99,6.48,6.53,24000.0,19.7645,-1.1166666666666667,0.07,0.08,0.06
,,,,6.71,6.48,6.62,10000.0,19.88511111111111,-13.396944444444445,0.16,0.17,0.16
,,,,6.500000000000001,6.48,6.550000000000001,9500.0,19.950055555555554,20.998055555555556,0.2,0.18,0.18
θ Sagittae,,0.029,34.48275862068965,6.82,6.48,6.86,6750.0,20.16572222222222,20.915277777777778,0.39,0.32,0.31
,,,,5.98,6.48,6.390000000000001,18000.0,20.2745,37.05638888888888,0.09,0.09,0.09
,,,,5.680000000000001,6.48,6.340000000000001,24000.0,20.569444444444443,20.985277777777778,0.08,0.08,0.07
,,,,,6.48,,7200.0,20.650055555555554,56.005,,0.28,
,,0.009,111.11111111111111,5.78,6.48,6.33,24000.0,21.046805555555558,45.848888888888894,0.08,0.08,0.07
,,,,6.9,6.48,6.760000000000001,7500.0,21.194805555555554,-13.527777777777777,0.28,0.26,0.25
,,,,8.270000000000001,6.48,7.460000000000001,5000.0,21.277666666666665,-0.39222222222222225,0.56,0.64,0.55
,,,,6.970000000000001,6.48,6.9,9500.0,21.827805555555557,41.14888888888889,0.16,0.18,0.15
,,,,,6.48,7.62,4850.0,22.774527777777777,-48.31416666666667,,0.7,0.56
,,0.13,7.692307692307692,8.6,6.48,7.58,4400.0,22.94,-30.434444444444445,0.83,0.92,0.81
,,,,6.19,6.48,6.45,12000.0,23.298916666666667,45.48888888888889,0.15,0.14,0.13
,,,,5.9,6.47,6.38,14000.0,0.27847222222222223,-19.789444444444445,0.13,0.12,0.11
,,,,,6.47,,4700.0,0.6186666666666667,24.014166666666668,,0.76,
,,,,,6.47,6.779999999999999,7350.0,0.7615833333333333,-15.575833333333334,,0.27,0.26
,,,,,6.47,,9250.0,1.0384444444444445,51.035,,0.19,
,,,,,6.47,,5000.0,2.3345555555555557,30.188333333333333,,0.64,
,,,,,6.47,6.859999999999999,7200.0,2.7864444444444443,-21.514444444444443,,0.29,0.27
,,0.021,47.61904761904761,,6.47,,7200.0,4.641555555555555,26.94,,0.29,
,,,,,6.47,7.46,5200.0,5.951361111111111,49.029444444444444,,0.58,0.48
,,,,,6.47,,6750.0,6.482388888888889,26.967777777777776,,0.32,
,,,,8.379999999999999,6.47,7.51,5000.0,7.103916666666667,-67.16277777777778,0.54,0.64,0.53
,,,,6.1899999999999995,6.47,6.38,12000.0,7.457166666666667,66.33166666666666,0.15,0.14,0.13
,,,,6.819999999999999,6.47,6.89,7050.0,6.782972222222222,-86.975,0.35,0.3,0.28
,,,,6.81,6.47,6.67,7500.0,7.735388888888889,2.405,0.3,0.27,0.27
,,,,6.909999999999999,6.47,6.77,10000.0,8.236416666666665,17.675833333333333,0.15,0.17,0.15
,,,,,6.47,7.05,5900.0,8.586833333333335,-38.03,,0.43,0.4
,,,,6.0200000000000005,6.47,6.37,14000.0,8.645805555555555,-52.90944444444444,0.13,0.12,0.11
,,,,,6.47,6.7,8250.0,8.829138888888888,-20.951388888888886,,0.23,0.21
,,,,,6.47,7.43,5000.0,8.897416666666667,-39.5525,,0.64,0.55
,,,,6.6899999999999995,6.47,6.6,8750.0,9.71861111111111,54.36361111111111,0.21,0.21,0.2
,,,,,6.47,7.39,5200.0,13.473944444444445,40.72972222222222,,0.58,0.5
,,,,,6.47,6.569999999999999,9750.0,13.525916666666667,-27.88722222222222,,0.18,0.17
,,,,,6.47,6.34,10000.0,13.737749999999998,-50.98694444444445,,0.17,0.18
,,,,8.2,6.47,7.47,5200.0,14.150166666666667,-9.665555555555555,0.5,0.58,0.48
,,,,9.309999999999999,6.47,7.89,4700.0,14.281916666666667,-76.33611111111111,0.45,0.76,0.55
,,,,7.549999999999999,6.47,7.199999999999999,5500.0,14.300166666666668,-6.4575000000000005,0.55,0.51,0.46
,,,,,6.47,6.39,14000.0,14.987194444444444,-36.11861111111111,,0.12,0.11
,,,,6.02,6.47,6.43,12000.0,15.221527777777778,-23.991666666666667,0.16,0.14,0.13
,,,,,6.47,6.91,6900.0,16.165333333333333,-17.659166666666668,,0.31,0.29
,,0.009,111.11111111111111,6.46,6.47,6.4799999999999995,10000.0,16.399083333333333,-32.80055555555556,0.18,0.17,0.17
,,0.008,125.0,6.85,6.47,6.779999999999999,8750.0,16.843305555555553,-49.95444444444445,0.2,0.21,0.19
,,,,,6.47,7.01,6450.0,17.377222222222223,-34.09,,0.35,0.32
,,,,8.97,6.47,7.71,5000.0,17.821916666666667,1.961111111111111,0.41,0.64,0.49
,,,,,6.47,7.88,4400.0,18.237833333333334,-62.31055555555556,,0.93,0.7
,,,,6.489999999999999,6.47,6.68,12000.0,18.63461111111111,-13.995277777777778,0.13,0.14,0.12
,,,,5.77,6.47,6.34,20000.0,18.70225,34.74666666666667,0.09,0.09,0.08
,,,,,6.47,,5500.0,18.812583333333333,-17.39861111111111,,0.51,
,,0.006,166.66666666666666,8.18,6.47,7.46,5400.0,19.632416666666668,49.28444444444444,0.44,0.53,0.43
,,,,8.629999999999999,6.47,7.63,5000.0,20.10338888888889,-3.9216666666666664,0.48,0.64,0.5
,,-0.008,-125.0,8.69,6.47,7.699999999999999,6450.0,20.723388888888888,35.58777777777778,0.19,0.35,0.24
,,,,,6.47,,4250.0,21.39675,37.35138888888889,,1.03,
,,,,6.56,6.47,6.51,10000.0,21.555722222222222,-79.96083333333334,0.17,0.17,0.17
,,,,7.01,6.47,6.9799999999999995,6450.0,21.57611111111111,22.754722222222224,0.41,0.35,0.33
,,,,,6.47,,4250.0,21.802305555555556,36.580555555555556,,1.03,
,,,,10.03,6.47,8.1,4250.0,22.073305555555557,-28.083333333333332,0.5,1.03,0.72
,,,,9.77,6.47,8.06,2900.0,22.35002777777778,26.935277777777777,4.95,4.44,4.37
,,,,,6.47,7.51,4850.0,22.64575,-27.252222222222223,,0.7,0.59
,,0.003,333.3333333333333,8.120000000000001,6.47,7.41,4850.0,23.04277777777778,-35.579166666666666,0.68,0.7,0.62
,,,,8.14,6.47,7.42,5000.0,23.16991666666667,-65.14250000000001,0.6,0.64,0.56
,,,,,6.47,7.55,5000.0,23.2805,-40.80555555555556,,0.64,0.52
,,,,6.38,6.47,6.4799999999999995,12000.0,23.959305555555556,60.02361111111111,0.13,0.14,0.13
,,0.053,18.867924528301888,7.43,6.46,7.14,6000.0,0.3116111111111111,-7.947222222222222,0.43,0.42,0.37
,,0.006,166.66666666666666,6.930000000000001,6.46,6.9,6600.0,0.8867777777777778,-23.223055555555558,0.4,0.34,0.32
,,,,6.640000000000001,6.46,6.57,9250.0,1.564,89.01555555555555,0.19,0.19,0.18
,,0.008,125.0,6.83,6.46,6.69,8750.0,1.3130555555555556,37.38611111111111,0.2,0.21,0.19
,,,,6.760000000000001,6.46,6.73,8250.0,1.4573888888888888,41.10055555555556,0.24,0.23,0.21
,,,,6.88,6.46,6.8,9750.0,2.316111111111111,23.16777777777778,0.16,0.18,0.15
,,,,8.6,6.46,7.53,4700.0,2.738638888888889,17.76388888888889,0.62,0.77,0.65
,,0.021,47.61904761904761,6.779999999999999,6.46,6.85,7050.0,3.583555555555556,60.04111111111111,0.36,0.3,0.28
,,,,6.539999999999999,6.46,6.52,10000.0,3.822111111111111,57.11805555555556,0.17,0.17,0.17
,,,,6.75,6.46,6.62,9000.0,3.9094444444444445,-51.309444444444445,0.2,0.2,0.19
,,,,5.48,6.46,6.28,26000.0,4.056861111111111,-19.855833333333333,0.08,0.08,0.07
,,0.038,26.315789473684212,6.97,6.46,6.95,6450.0,4.427027777777778,15.940833333333334,0.42,0.36,0.33
,,,,8.54,6.46,7.54,5000.0,4.749416666666667,-62.77027777777778,0.5,0.65,0.53
,,,,6.2299999999999995,6.46,6.42,12000.0,5.389694444444445,28.936666666666667,0.14,0.14,0.13
,,0.002,500.0,5.7700000000000005,6.46,6.37,22000.0,5.552,-0.2816666666666667,0.08,0.08,0.07
,,,,,6.46,7.12,5700.0,6.407305555555556,-62.571111111111115,,0.47,0.43
,,,,,6.46,6.95,6300.0,6.693805555555556,35.93194444444444,,0.37,0.35
,,,,,6.46,,7750.0,6.765055555555556,12.693611111111112,,0.25,
,,0.004,250.0,,6.46,7.32,5400.0,6.778194444444444,-53.30527777777778,,0.53,0.46
,,,,5.98,6.46,6.36,14000.0,6.8797500000000005,-42.024166666666666,0.13,0.12,0.11
,,,,,6.46,,4550.0,7.087916666666667,-49.63972222222222,,0.84,
,,,,5.699999999999999,6.46,6.31,26000.0,7.2966388888888885,-25.202499999999997,0.08,0.08,0.07
,,,,6.4,6.46,6.44,9750.0,8.544416666666667,10.066111111111113,0.19,0.18,0.18
,,,,6.8,6.46,6.7,8000.0,9.081999999999999,32.37694444444445,0.25,0.24,0.23
,,,,6.03,6.46,6.36,12000.0,9.601888888888888,74.31777777777778,0.16,0.14,0.14
,,,,,6.46,6.79,7750.0,9.538472222222222,-27.371944444444445,,0.25,0.23
,,,,5.77,6.46,6.35,14000.0,9.76125,-56.81444444444445,0.14,0.12,0.11
,,,,9.959999999999999,6.46,8.04,3500.0,9.850555555555555,13.066111111111113,1.41,2.03,1.69
,,,,,6.46,,5200.0,10.25175,31.468055555555555,,0.58,
,,,,6.83,6.46,6.69,8500.0,10.742249999999999,-69.14500000000001,0.22,0.22,0.2
,,,,10.06,6.46,8.08,3350.0,11.054472222222223,-30.039166666666667,1.73,2.4,2.04
,,,,6.74,6.46,6.62,8750.0,11.127694444444446,23.32361111111111,0.21,0.21,0.2
,,0.004,250.0,,6.46,,8750.0,11.647,64.34694444444445,,0.21,
,,0.052,19.23076923076923,6.95,6.46,6.98,6450.0,11.907166666666667,-36.25111111111111,0.43,0.36,0.33
,,,,6.84,6.46,6.66,9250.0,12.534583333333334,-31.466388888888886,0.18,0.19,0.18
,,,,6.63,6.46,6.55,9250.0,13.841027777777779,58.53944444444444,0.2,0.19,0.19
,,,,8.3,6.46,7.48,5000.0,14.14611111111111,59.33777777777778,0.56,0.65,0.54
,,,,,6.46,6.55,16000.0,15.53063888888889,-31.11888888888889,,0.1,0.09
,,,,6.79,6.46,6.65,9000.0,15.506305555555555,31.28611111111111,0.19,0.2,0.19
,,,,,6.46,7.8,4700.0,16.585527777777777,-44.75527777777778,,0.77,0.57
,,,,,6.46,6.38,14000.0,16.727416666666667,-31.89388888888889,,0.12,0.11
,,,,6.33,6.46,6.46,9750.0,17.138083333333334,50.842222222222226,0.2,0.18,0.18
,,,,6.8,6.46,6.79,7350.0,17.34797222222222,-9.303888888888888,0.31,0.28,0.26
,,0.004,250.0,,6.46,,5000.0,17.86625,15.325833333333334,,0.65,
,,,,,6.46,,6000.0,17.85388888888889,40.072500000000005,,0.42,
,,-0.008,-125.0,6.59,6.46,6.54,9500.0,18.95788888888889,58.22527777777778,0.19,0.18,0.18
,,,,,6.46,7.52,5000.0,19.161027777777775,-38.17194444444444,,0.65,0.53
,,,,,6.46,7.9399999999999995,4700.0,19.918083333333335,-32.953611111111115,,0.77,0.54
,,,,,6.46,7.77,4550.0,20.347749999999998,-34.32638888888889,,0.84,0.65
,,,,6.1000000000000005,6.46,6.45,18000.0,21.17527777777778,47.69194444444444,0.09,0.09,0.08
,,,,5.6499999999999995,6.46,6.31,22000.0,21.26022222222222,47.97361111111111,0.09,0.08,0.07
,,,,6.67,6.46,6.62,9750.0,21.430972222222223,0.5344444444444444,0.17,0.18,0.16
,,,,,6.46,,6750.0,22.007444444444445,33.00611111111111,,0.32,
,,,,6.69,6.46,6.58,9250.0,22.175055555555556,20.978055555555553,0.19,0.19,0.18
,,,,5.58,6.46,6.33,26000.0,22.44602777777778,37.443888888888885,0.08,0.08,0.07
,,,,,6.46,7.59,4850.0,22.862472222222223,-58.11861111111111,,0.7,0.57
,,,,6.08,6.46,6.42,14000.0,22.881194444444446,50.411944444444444,0.12,0.12,0.11
,,,,6.880000000000001,6.46,6.9,6750.0,23.813694444444444,2.214166666666667,0.38,0.32,0.3
,,,,6.97,6.46,6.96,6450.0,0.006638888888888889,26.918333333333333,0.42,0.36,0.33
,,,,,6.45,,4250.0,0.25194444444444447,31.535833333333336,,1.04,
,,,,,6.45,6.82,6900.0,0.29238888888888886,-18.948888888888888,,0.31,0.3
,,,,8.42,6.45,7.51,5100.0,0.6008333333333333,-13.026388888888889,0.49,0.62,0.5
,,0.012,83.33333333333333,6.79,6.45,6.7,7750.0,1.0504166666666668,47.376111111111115,0.27,0.25,0.24
,,0.005,200.0,,6.45,,6900.0,1.3893333333333333,58.143055555555556,,0.31,
,,,,6.74,6.45,6.63,8750.0,1.8968055555555556,55.59805555555556,0.21,0.21,0.2
,,,,8.21,6.45,7.42,5000.0,2.466666666666667,1.9608333333333332,0.58,0.65,0.56
,,,,7.02,6.45,6.88,6600.0,2.8241944444444442,37.32611111111112,0.38,0.34,0.32
,,,,6.63,6.45,6.55,9750.0,2.862638888888889,58.31472222222222,0.18,0.18,0.17
,,0.004,250.0,,6.45,,12000.0,3.2864999999999998,40.483333333333334,,0.14,
,,,,8.52,6.45,7.51,4850.0,3.735055555555556,-39.33972222222222,0.57,0.71,0.59
,,,,,6.45,,5100.0,4.233222222222222,37.966944444444444,,0.62,
,,,,,6.45,,8000.0,4.730083333333334,32.86527777777778,,0.24,
,,,,6.71,6.45,6.54,9500.0,5.87763888888889,39.574444444444445,0.18,0.18,0.18
,,,,9.65,6.45,7.93,4550.0,5.866527777777778,-28.551388888888887,0.44,0.85,0.61
,,,,,6.45,7.93,4250.0,5.954,-52.57388888888889,,1.04,0.78
,,,,6.79,6.45,6.63,8250.0,6.07475,51.57333333333334,0.24,0.23,0.22
,,,,9.840000000000002,6.45,8.030000000000001,2900.0,6.035888888888889,-59.903055555555554,4.79,4.48,4.43
,,0.055,18.181818181818183,7.2700000000000005,6.45,7.12,5800.0,6.220166666666667,10.627500000000001,0.52,0.45,0.41
,,,,,6.45,,5000.0,6.575777777777778,55.35305555555556,,0.65,
,,,,6.4,6.45,6.430000000000001,10000.0,6.579555555555555,7.5725,0.19,0.17,0.17
,,0.062,16.129032258064516,6.970000000000001,6.45,6.99,5800.0,6.74775,-26.658611111111114,0.6,0.45,0.43
,,,,,6.45,6.84,7200.0,6.9767222222222225,-55.60527777777778,,0.29,0.27
,,,,6.0600000000000005,6.45,6.37,12000.0,7.065916666666666,-9.875833333333333,0.16,0.14,0.14
,,,,6.500000000000001,6.45,6.430000000000001,9500.0,7.335249999999999,15.142777777777777,0.2,0.18,0.19
,,,,6.380000000000001,6.45,6.44,10000.0,7.85,-23.471666666666668,0.19,0.17,0.17
,,,,,6.45,7.3500000000000005,5400.0,7.845111111111111,-43.42027777777778,,0.53,0.45
,,,,6.760000000000001,6.45,6.65,8250.0,8.264027777777779,60.38055555555555,0.24,0.23,0.22
,,,,,6.45,7.49,5000.0,8.299527777777778,-29.996666666666666,,0.65,0.54
,,,,8.52,6.45,7.53,4850.0,8.656833333333333,8.017222222222223,0.57,0.71,0.58
,,,,6.74,6.45,6.61,8750.0,8.70272222222222,-10.033888888888889,0.21,0.21,0.2
